dataset,kir,component,metric,n_seeds,mean_delta,median_delta,std_delta,ci95_low,ci95_high,wins,ties,losses,bootstrap_seed,bootstrap_samples
banking77,0.25,euclidean_mean,oos_f1,5,0.013546323975643194,0.017914197540567,0.01714990125207737,-0.0013268531975006326,0.025287528778249514,4,0,1,20260725,10000
banking77,0.25,euclidean_mean,f1_all,5,0.22634433973076148,0.24443921648790823,0.03133658633913606,0.20274250545732678,0.24994617400419622,5,0,0,20260725,10000
banking77,0.25,euclidean_mean,f1_k,5,0.23754423529682037,0.255834165261264,0.03222789636911127,0.2132126732380412,0.26187579735559946,5,0,0,20260725,10000
banking77,0.25,euclidean_mean,id_recall,5,0.41868421052631577,0.42499999999999993,0.025093316146644635,0.3989473684210527,0.4376315789473685,5,0,0,20260725,10000
banking77,0.25,euclidean_mean,false_accept_rate,5,0.08827586206896551,0.08836206896551721,0.031263225501021216,0.06655172413793109,0.11474137931034481,5,0,0,20260725,10000
banking77,0.25,euclidean_mean,false_reject_rate,5,-0.41868421052631577,-0.425,0.02509331614664463,-0.4376315789473685,-0.3997368421052631,0,0,5,20260725,10000
banking77,0.25,euclidean_mean,accuracy,5,0.03506493506493504,0.04123376623376618,0.02235902972298851,0.016103896103896065,0.05058441558441558,4,0,1,20260725,10000
banking77,0.25,euclidean_mean,auroc,5,0.0539333030852994,0.05168216878402876,0.03133062397437952,0.02886808076225047,0.07830455989110696,5,0,0,20260725,10000
banking77,0.25,euclidean_mean,aupr_oos,5,0.030821049912699516,0.02609565369603739,0.01758435807845966,0.01866273981293971,0.04605013355037006,5,0,0,20260725,10000
banking77,0.5,euclidean_mean,oos_f1,5,0.08570376379212186,0.09622044476300284,0.017664379841200162,0.06974518504583802,0.09699394989919967,5,0,0,20260725,10000
banking77,0.5,euclidean_mean,f1_all,5,0.33072742649414905,0.33353934674742824,0.023472396101378898,0.31199210754911094,0.34929372776613504,5,0,0,20260725,10000
banking77,0.5,euclidean_mean,f1_k,5,0.3371754176178867,0.33977707676567204,0.023748650648110655,0.31880286029395816,0.35496617688364773,5,0,0,20260725,10000
banking77,0.5,euclidean_mean,id_recall,5,0.48802631578947375,0.48486842105263167,0.019962525487089933,0.4727631578947368,0.5035526315789474,5,0,0,20260725,10000
banking77,0.5,euclidean_mean,false_accept_rate,5,0.14653846153846156,0.1378205128205128,0.029801143476907575,0.12474358974358975,0.1702564102564103,5,0,0,20260725,10000
banking77,0.5,euclidean_mean,false_reject_rate,5,-0.48802631578947364,-0.4848684210526316,0.01996252548708994,-0.5035526315789474,-0.4727631578947368,0,0,5,20260725,10000
banking77,0.5,euclidean_mean,accuracy,5,0.15655844155844154,0.16038961038961042,0.01598906482449432,0.1424025974025974,0.1671428571428571,5,0,0,20260725,10000
banking77,0.5,euclidean_mean,auroc,5,0.06579579959514177,0.07026906207827277,0.013533302037405336,0.05470352564102576,0.07511285425101218,5,0,0,20260725,10000
banking77,0.5,euclidean_mean,aupr_oos,5,0.09914921652046031,0.11163588266264313,0.020049415074893853,0.08130077131629694,0.11265211132589208,5,0,0,20260725,10000
banking77,0.75,euclidean_mean,oos_f1,5,0.21018989377259484,0.20787427246962198,0.02776370948821111,0.1909396252324563,0.23362063613635278,5,0,0,20260725,10000
banking77,0.75,euclidean_mean,f1_all,5,0.41738292213519407,0.4192764640020485,0.018386144778745454,0.40364932806115333,0.4319292453938247,5,0,0,20260725,10000
banking77,0.75,euclidean_mean,f1_k,5,0.42095521572765265,0.42322026487449177,0.018401149307039923,0.4063761592652906,0.4355342721900148,5,0,0,20260725,10000
banking77,0.75,euclidean_mean,id_recall,5,0.5364655172413793,0.5387931034482758,0.013168085811828592,0.525603448275862,0.5460344827586207,5,0,0,20260725,10000
banking77,0.75,euclidean_mean,false_accept_rate,5,0.18842105263157893,0.1960526315789474,0.0451739481954795,0.15184210526315792,0.22236842105263155,5,0,0,20260725,10000
banking77,0.75,euclidean_mean,false_reject_rate,5,-0.5364655172413793,-0.5387931034482758,0.013168085811828592,-0.5460344827586207,-0.525603448275862,0,0,5,20260725,10000
banking77,0.75,euclidean_mean,accuracy,5,0.33694805194805194,0.3324675324675324,0.015573250870915807,0.32571428571428573,0.3486363636363636,5,0,0,20260725,10000
banking77,0.75,euclidean_mean,auroc,5,0.09130115698729584,0.09838078493647928,0.021564342539524675,0.07384789019963703,0.10594158348457357,5,0,0,20260725,10000
banking77,0.75,euclidean_mean,aupr_oos,5,0.22182249795492445,0.2153929627642428,0.029550733405865916,0.2016447063359112,0.24833556519278271,5,0,0,20260725,10000
clinc150,0.25,euclidean_mean,oos_f1,5,0.027806639669319,0.026882173672822973,0.005124942391131956,0.02427482255102793,0.03221747581658627,5,0,0,20260725,10000
clinc150,0.25,euclidean_mean,f1_all,5,0.2744957991824698,0.26910152106056706,0.026948088532755644,0.25466798813778296,0.2964531371142354,5,0,0,20260725,10000
clinc150,0.25,euclidean_mean,f1_k,5,0.280987619169658,0.27554801204288915,0.027588337582088913,0.2607165066535371,0.3035444633407388,5,0,0,20260725,10000
clinc150,0.25,euclidean_mean,id_recall,5,0.36526315789473685,0.368421052631579,0.02306367061921234,0.348390350877193,0.3828070175438597,5,0,0,20260725,10000
clinc150,0.25,euclidean_mean,false_accept_rate,5,0.02578947368421054,0.029824561403508802,0.009852081990344761,0.01710526315789474,0.03280701754385969,5,0,0,20260725,10000
clinc150,0.25,euclidean_mean,false_reject_rate,5,-0.36526315789473685,-0.36842105263157904,0.0230636706192123,-0.38280701754385965,-0.3464912280701754,0,0,5,20260725,10000
clinc150,0.25,euclidean_mean,accuracy,5,0.0519649122807017,0.04982456140350866,0.008182287621267256,0.04610526315789469,0.058877192982456104,5,0,0,20260725,10000
clinc150,0.25,euclidean_mean,auroc,5,0.05278781932902445,0.05478512619267495,0.008226376617470554,0.0462796629732227,0.05929597568482621,5,0,0,20260725,10000
clinc150,0.25,euclidean_mean,aupr_oos,5,0.024153303485638555,0.02203952772525286,0.006205277005353495,0.019343513901396638,0.028963093069880475,5,0,0,20260725,10000
clinc150,0.5,euclidean_mean,oos_f1,5,0.09119903794751208,0.0910004449298224,0.002648807906349657,0.08901098836735102,0.09329308897871473,5,0,0,20260725,10000
clinc150,0.5,euclidean_mean,f1_all,5,0.36862816558049366,0.37130124057926317,0.011409693469170147,0.359152428870718,0.37710210599786337,5,0,0,20260725,10000
clinc150,0.5,euclidean_mean,f1_k,5,0.37232722061560014,0.3750180934811142,0.01156416876606359,0.36271922045132976,0.38091445965362736,5,0,0,20260725,10000
clinc150,0.5,euclidean_mean,id_recall,5,0.4287111111111111,0.428888888888889,0.012635829910649503,0.4187555555555556,0.4381333333333333,5,0,0,20260725,10000
clinc150,0.5,euclidean_mean,false_accept_rate,5,0.027884057971014498,0.026666666666666596,0.007595640974581722,0.02248695652173913,0.034144927536231856,5,0,0,20260725,10000
clinc150,0.5,euclidean_mean,false_reject_rate,5,-0.4287111111111111,-0.428888888888889,0.012635829910649495,-0.4381333333333334,-0.4187555555555556,0,0,5,20260725,10000
clinc150,0.5,euclidean_mean,accuracy,5,0.1496140350877193,0.14912280701754388,0.0035640384341344747,0.14733333333333332,0.15263157894736845,5,0,0,20260725,10000
clinc150,0.5,euclidean_mean,auroc,5,0.07685768760064411,0.0754585507246377,0.011125221819073711,0.06848497262479884,0.08685060225442824,5,0,0,20260725,10000
clinc150,0.5,euclidean_mean,aupr_oos,5,0.0816645060450391,0.07797567278934614,0.01125900500669526,0.07383346846564494,0.09045327057260891,5,0,0,20260725,10000
clinc150,0.75,euclidean_mean,oos_f1,5,0.169177800446872,0.1678670276169807,0.0023994656141041004,0.1675164026057816,0.17131080669183088,5,0,0,20260725,10000
clinc150,0.75,euclidean_mean,f1_all,5,0.4111536689108507,0.41258335772980553,0.01071611663329772,0.40235550866682956,0.41923931728234126,5,0,0,20260725,10000
clinc150,0.75,euclidean_mean,f1_k,5,0.41331416773642193,0.41472316448037927,0.010810834758934216,0.40443403314278514,0.42167619109278326,5,0,0,20260725,10000
clinc150,0.75,euclidean_mean,id_recall,5,0.4592261904761905,0.4604166666666667,0.00583211843519804,0.4551785714285714,0.46375,5,0,0,20260725,10000
clinc150,0.75,euclidean_mean,false_accept_rate,5,0.03188034188034188,0.030769230769230802,0.004374866287887089,0.02871794871794872,0.03564102564102562,5,0,0,20260725,10000
clinc150,0.75,euclidean_mean,false_reject_rate,5,-0.4592261904761905,-0.4604166666666667,0.005832118435198034,-0.46375,-0.45494047619047623,0,0,5,20260725,10000
clinc150,0.75,euclidean_mean,accuracy,5,0.25242105263157893,0.25245614035087716,0.0038203743376827217,0.24936842105263154,0.2552280701754386,5,0,0,20260725,10000
clinc150,0.75,euclidean_mean,auroc,5,0.08573850223850232,0.08379566035816033,0.011352187113983937,0.07709892653642665,0.094378077940578,5,0,0,20260725,10000
clinc150,0.75,euclidean_mean,aupr_oos,5,0.1723783812327077,0.16792068704058394,0.011185474343608805,0.1653271098904579,0.18237940677199066,5,0,0,20260725,10000
stackoverflow,0.25,euclidean_mean,oos_f1,5,0.06039685255607961,0.06250290094792432,0.01309872016583242,0.050234303119067555,0.07055940199309166,5,0,0,20260725,10000
stackoverflow,0.25,euclidean_mean,f1_all,5,0.33566881966552153,0.35271439533850335,0.05135451336573523,0.29573926253931193,0.375598376791731,5,0,0,20260725,10000
stackoverflow,0.25,euclidean_mean,f1_k,5,0.39072321308740987,0.40851321899030546,0.059467529573246705,0.3443915593780981,0.43484466091066387,5,0,0,20260725,10000
stackoverflow,0.25,euclidean_mean,id_recall,5,0.5168,0.5186666666666666,0.050829562701684206,0.47519999999999996,0.5533333333333333,5,0,0,20260725,10000
stackoverflow,0.25,euclidean_mean,false_accept_rate,5,0.029111111111111098,0.0268888888888889,0.0195018201113209,0.014800000000000002,0.04515555555555554,5,0,0,20260725,10000
stackoverflow,0.25,euclidean_mean,false_reject_rate,5,-0.5168,-0.5186666666666667,0.050829562701684206,-0.5533333333333333,-0.47519999999999996,0,0,5,20260725,10000
stackoverflow,0.25,euclidean_mean,accuracy,5,0.10613333333333322,0.11083333333333323,0.020138892720306088,0.0903666666666666,0.12189999999999983,5,0,0,20260725,10000
stackoverflow,0.25,euclidean_mean,auroc,5,0.08572314074074076,0.08778696296296296,0.028784441350142215,0.061646074074074145,0.10827890370370363,5,0,0,20260725,10000
stackoverflow,0.25,euclidean_mean,aupr_oos,5,0.051694029768449855,0.05340209547467156,0.01972260576601509,0.03669710636908581,0.06809342433741208,5,0,0,20260725,10000
stackoverflow,0.5,euclidean_mean,oos_f1,5,0.1475072375603531,0.14387130936946435,0.018587290515829465,0.1334273032998056,0.16178485494688588,5,0,0,20260725,10000
stackoverflow,0.5,euclidean_mean,f1_all,5,0.43252738126445783,0.4109591319838143,0.04267434671428836,0.40388950554197417,0.46848621849235494,5,0,0,20260725,10000
stackoverflow,0.5,euclidean_mean,f1_k,5,0.46102939563486844,0.43766791424524926,0.045460282765299787,0.4309357257661911,0.4997180917755819,5,0,0,20260725,10000
stackoverflow,0.5,euclidean_mean,id_recall,5,0.5680000000000001,0.5606666666666666,0.024869660230891797,0.5546666666666669,0.5900666666666667,5,0,0,20260725,10000
stackoverflow,0.5,euclidean_mean,false_accept_rate,5,0.0854666666666667,0.0843333333333334,0.030145572735570236,0.06026666666666669,0.10893333333333335,5,0,0,20260725,10000
stackoverflow,0.5,euclidean_mean,false_reject_rate,5,-0.5680000000000001,-0.5606666666666666,0.024869660230891762,-0.5900666666666667,-0.5546666666666666,0,0,5,20260725,10000
stackoverflow,0.5,euclidean_mean,accuracy,5,0.23756666666666665,0.22966666666666669,0.02272131891711689,0.22033333333333333,0.2548,5,0,0,20260725,10000
stackoverflow,0.5,euclidean_mean,auroc,5,0.07582720000000001,0.06668311111111103,0.03238784173068045,0.05441471111111111,0.1052687111111111,5,0,0,20260725,10000
stackoverflow,0.5,euclidean_mean,aupr_oos,5,0.10698941921307,0.10528919105143375,0.03583081716940497,0.07931753861080852,0.13824015531053524,5,0,0,20260725,10000
stackoverflow,0.75,euclidean_mean,oos_f1,5,0.3071538117740757,0.31118547726142515,0.02845545597746744,0.2829774854075603,0.32757094182864976,5,0,0,20260725,10000
stackoverflow,0.75,euclidean_mean,f1_all,5,0.5418678928158714,0.5527218610049904,0.025918955930706714,0.5210963834301496,0.5615604874234101,5,0,0,20260725,10000
stackoverflow,0.75,euclidean_mean,f1_k,5,0.5575154982186576,0.5679633145547492,0.02661754670820584,0.5358985648172931,0.5777082160456463,5,0,0,20260725,10000
stackoverflow,0.75,euclidean_mean,id_recall,5,0.6294222222222222,0.6335555555555556,0.0207522719267905,0.6119555555555556,0.6446222222222222,5,0,0,20260725,10000
stackoverflow,0.75,euclidean_mean,false_accept_rate,5,0.08133333333333334,0.059333333333333294,0.05559576322786553,0.0390666666666667,0.1257333333333333,5,0,0,20260725,10000
stackoverflow,0.75,euclidean_mean,false_reject_rate,5,-0.6294222222222222,-0.6335555555555555,0.020752271926790508,-0.6446222222222222,-0.6119555555555556,0,0,5,20260725,10000
stackoverflow,0.75,euclidean_mean,accuracy,5,0.4388666666666666,0.44600000000000006,0.018095195801955614,0.4251333333333333,0.45260000000000006,5,0,0,20260725,10000
stackoverflow,0.75,euclidean_mean,auroc,5,0.1257513777777778,0.11343644444444456,0.04402544545898129,0.09381173333333333,0.16156639999999997,5,0,0,20260725,10000
stackoverflow,0.75,euclidean_mean,aupr_oos,5,0.29135396012464126,0.28665077872240735,0.08081461421619437,0.23140309775366125,0.3539820756024465,5,0,0,20260725,10000
banking77,0.25,euclidean_mean_std,oos_f1,5,0.0022887687171055495,0.008025283396105198,0.018179716452368228,-0.013292050126232201,0.014119959893539855,4,0,1,20260725,10000
banking77,0.25,euclidean_mean_std,f1_all,5,0.07199344079514942,0.0709027521155472,0.03260768297218198,0.04670894169925179,0.09727793989104705,5,0,0,20260725,10000
banking77,0.25,euclidean_mean_std,f1_k,5,0.0756621077466254,0.07414040357978036,0.03348896923106858,0.0496210112172506,0.10170320427600021,5,0,0,20260725,10000
banking77,0.25,euclidean_mean_std,id_recall,5,0.16894736842105265,0.16973684210526319,0.037024922354358274,0.14131578947368426,0.19894736842105262,5,0,0,20260725,10000
banking77,0.25,euclidean_mean_std,false_accept_rate,5,0.04198275862068966,0.0323275862068966,0.03447548414648244,0.019396551724137963,0.0721551724137931,5,0,0,20260725,10000
banking77,0.25,euclidean_mean_std,false_reject_rate,5,-0.16894736842105265,-0.16973684210526319,0.037024922354358274,-0.19894736842105262,-0.14131578947368426,0,0,5,20260725,10000
banking77,0.25,euclidean_mean_std,accuracy,5,0.009285714285714276,0.018181818181818188,0.024180792869582537,-0.011233766233766262,0.025064935064935057,4,0,1,20260725,10000
banking77,0.25,euclidean_mean_std,auroc,5,0.042974591651542646,0.042148366606170606,0.02574479428952451,0.024060344827586212,0.06520145190562601,5,0,0,20260725,10000
banking77,0.25,euclidean_mean_std,aupr_oos,5,0.024301100423661116,0.01955144773377715,0.015259856770003882,0.014967977165260637,0.038388731312430015,5,0,0,20260725,10000
banking77,0.5,euclidean_mean_std,oos_f1,5,0.03610754662227793,0.04304909565072501,0.016488482143407084,0.02213779320342397,0.047681833256690086,5,0,0,20260725,10000
banking77,0.5,euclidean_mean_std,f1_all,5,0.13454148848157252,0.14046719241932237,0.01876647897981217,0.11965194563537755,0.1475372748947658,5,0,0,20260725,10000
banking77,0.5,euclidean_mean_std,f1_k,5,0.1371318553726066,0.14283912664545784,0.018854035346860427,0.12222619436046864,0.14988438969579485,5,0,0,20260725,10000
banking77,0.5,euclidean_mean_std,id_recall,5,0.2492105263157895,0.24802631578947376,0.01515587294630508,0.23723684210526316,0.26092105263157894,5,0,0,20260725,10000
banking77,0.5,euclidean_mean_std,false_accept_rate,5,0.10064102564102566,0.0942307692307692,0.022812768781120853,0.08371794871794871,0.11974358974358978,5,0,0,20260725,10000
banking77,0.5,euclidean_mean_std,false_reject_rate,5,-0.2492105263157895,-0.24802631578947373,0.015155872946305096,-0.260921052631579,-0.23789473684210533,0,0,5,20260725,10000
banking77,0.5,euclidean_mean_std,accuracy,5,0.06500000000000002,0.07045454545454555,0.015607058766885269,0.05168831168831169,0.07603896103896104,5,0,0,20260725,10000
banking77,0.5,euclidean_mean_std,auroc,5,0.05670276653171391,0.05979293184885304,0.010408507257217302,0.048122891363022904,0.06378534075573547,5,0,0,20260725,10000
banking77,0.5,euclidean_mean_std,aupr_oos,5,0.08608067074428938,0.08366179798418272,0.018268122041503534,0.07233765838343022,0.09905877058322816,5,0,0,20260725,10000
banking77,0.75,euclidean_mean_std,oos_f1,5,0.13931166107135437,0.1336412376475602,0.02865383362780904,0.11878260376859603,0.16349782462407264,5,0,0,20260725,10000
banking77,0.75,euclidean_mean_std,f1_all,5,0.21063852126408417,0.20224857387796868,0.021675058906238803,0.19595272926796858,0.22803719110484783,5,0,0,20260725,10000
banking77,0.75,euclidean_mean_std,f1_k,5,0.21186829471568297,0.2034314589853894,0.02177516787211436,0.1970335063407497,0.22986242875183788,5,0,0,20260725,10000
banking77,0.75,euclidean_mean_std,id_recall,5,0.3112931034482759,0.30948275862068964,0.02656270764764606,0.29068965517241385,0.3313793103448276,5,0,0,20260725,10000
banking77,0.75,euclidean_mean_std,false_accept_rate,5,0.13289473684210523,0.1276315789473684,0.05240906912277482,0.09236842105263154,0.17342105263157892,5,0,0,20260725,10000
banking77,0.75,euclidean_mean_std,false_reject_rate,5,-0.3112931034482759,-0.3094827586206896,0.02656270764764607,-0.3313793103448276,-0.29068965517241385,0,0,5,20260725,10000
banking77,0.75,euclidean_mean_std,accuracy,5,0.18668831168831165,0.1808441558441558,0.0173708884407733,0.17675324675324672,0.20259740259740258,5,0,0,20260725,10000
banking77,0.75,euclidean_mean_std,auroc,5,0.08584664246823956,0.09109119782214148,0.022799604589708363,0.0648796506352087,0.10136524500907447,5,0,0,20260725,10000
banking77,0.75,euclidean_mean_std,aupr_oos,5,0.21436422505720096,0.20905495414516817,0.03511451833979833,0.1901983093790774,0.24478131792871977,5,0,0,20260725,10000
clinc150,0.25,euclidean_mean_std,oos_f1,5,0.008010062954871722,0.008213852307969005,0.0029443150476236783,0.005746795383328407,0.010273330526415037,5,0,0,20260725,10000
clinc150,0.25,euclidean_mean_std,f1_all,5,0.0588518649818313,0.06822914393938917,0.02087251790652559,0.04209810635434834,0.07449822508223028,5,0,0,20260725,10000
clinc150,0.25,euclidean_mean_std,f1_k,5,0.060189807140435515,0.06971323834160481,0.02135831794881712,0.04304987520542003,0.07620740496184242,5,0,0,20260725,10000
clinc150,0.25,euclidean_mean_std,id_recall,5,0.07614035087719298,0.08070175438596483,0.030300637864090613,0.05263157894736838,0.09964912280701757,5,0,0,20260725,10000
clinc150,0.25,euclidean_mean_std,false_accept_rate,5,0.0015350877192982604,0.0021929824561403993,0.004721282925791886,-0.002105263157894739,0.00517543859649124,3,0,2,20260725,10000
clinc150,0.25,euclidean_mean_std,false_reject_rate,5,-0.07614035087719298,-0.08070175438596489,0.03030063786409058,-0.09964912280701753,-0.05263157894736842,0,0,5,20260725,10000
clinc150,0.25,euclidean_mean_std,accuracy,5,0.01438596491228068,0.014912280701754321,0.005116374235585105,0.010350877192982466,0.018421052631578894,5,0,0,20260725,10000
clinc150,0.25,euclidean_mean_std,auroc,5,0.025400161588181147,0.019334987688519822,0.009292566992874455,0.01854820714065881,0.03278781932902437,5,0,0,20260725,10000
clinc150,0.25,euclidean_mean_std,aupr_oos,5,0.012079001290036317,0.009212947740995459,0.006470961520268939,0.007133083492694458,0.01714159718480752,5,0,0,20260725,10000
clinc150,0.5,euclidean_mean_std,oos_f1,5,0.0367106188923491,0.03829207630962306,0.002718897055287993,0.03465810270653184,0.03876313507816635,5,0,0,20260725,10000
clinc150,0.5,euclidean_mean_std,f1_all,5,0.11514057602178851,0.1172686009257049,0.008074409594794671,0.10847996165734704,0.12097034682219261,5,0,0,20260725,10000
clinc150,0.5,euclidean_mean_std,f1_k,5,0.1161863087835144,0.11832162125391932,0.00817355201620749,0.10934989774047568,0.12200272562562389,5,0,0,20260725,10000
clinc150,0.5,euclidean_mean_std,id_recall,5,0.14079999999999998,0.13911111111111107,0.0138791966181559,0.12977777777777783,0.15137777777777772,5,0,0,20260725,10000
clinc150,0.5,euclidean_mean_std,false_accept_rate,5,0.0012753623188405797,-0.0026086956521738994,0.007380213332572359,-0.003188405797101464,0.007942028985507261,2,0,3,20260725,10000
clinc150,0.5,euclidean_mean_std,false_reject_rate,5,-0.14079999999999998,-0.13911111111111107,0.013879196618155953,-0.15048888888888884,-0.12977777777777777,0,0,5,20260725,10000
clinc150,0.5,euclidean_mean_std,accuracy,5,0.05421052631578951,0.05578947368421061,0.002680825752620388,0.052000000000000025,0.056140350877193025,5,0,0,20260725,10000
clinc150,0.5,euclidean_mean_std,auroc,5,0.046463587761674675,0.04639549114331698,0.006774876791292639,0.04166533977455735,0.05219872463768114,5,0,0,20260725,10000
clinc150,0.5,euclidean_mean_std,aupr_oos,5,0.050474053020590756,0.047682399145645205,0.007923999348636433,0.045141278487530245,0.057193968267258775,5,0,0,20260725,10000
clinc150,0.75,euclidean_mean_std,oos_f1,5,0.08376460626182296,0.08425608382503835,0.0040473166553859855,0.08066874784457156,0.08686046467907435,5,0,0,20260725,10000
clinc150,0.75,euclidean_mean_std,f1_all,5,0.1630650445747752,0.15557093001397615,0.015594849369685745,0.15141429695422698,0.175505980092912,5,0,0,20260725,10000
clinc150,0.75,euclidean_mean_std,f1_k,5,0.16377308420256945,0.15620766971209177,0.015703098046411172,0.15204595364270612,0.1763106420296011,5,0,0,20260725,10000
clinc150,0.75,euclidean_mean_std,id_recall,5,0.19446428571428573,0.19464285714285712,0.012859071724801246,0.18428571428571433,0.20410714285714288,5,0,0,20260725,10000
clinc150,0.75,euclidean_mean_std,false_accept_rate,5,0.01094017094017094,0.007264957264957298,0.005832981110808879,0.00658119658119658,0.0152991452991453,5,0,0,20260725,10000
clinc150,0.75,euclidean_mean_std,false_reject_rate,5,-0.19446428571428573,-0.19464285714285717,0.012859071724801252,-0.2040476190476191,-0.1842857142857143,0,0,5,20260725,10000
clinc150,0.75,euclidean_mean_std,accuracy,5,0.10908771929824564,0.10789473684210527,0.006832426802918299,0.1037543859649123,0.11442105263157898,5,0,0,20260725,10000
clinc150,0.75,euclidean_mean_std,auroc,5,0.05504894179894186,0.05301714489214493,0.007212384348389567,0.04969184981684982,0.06040603378103391,5,0,0,20260725,10000
clinc150,0.75,euclidean_mean_std,aupr_oos,5,0.11985931624914428,0.11811832470393113,0.011052152269620535,0.1127376391510226,0.12953425160036722,5,0,0,20260725,10000
stackoverflow,0.25,euclidean_mean_std,oos_f1,5,0.031642600772434436,0.029722310108822203,0.013299940539199804,0.021241867671154945,0.04169028987368961,5,0,0,20260725,10000
stackoverflow,0.25,euclidean_mean_std,f1_all,5,0.12379388215943607,0.13645801688106762,0.04173242887778089,0.09125749608138593,0.15633026823748622,5,0,0,20260725,10000
stackoverflow,0.25,euclidean_mean_std,f1_k,5,0.1422241384368364,0.154340636336036,0.0484869251077448,0.1042858031498711,0.18016247372380173,5,0,0,20260725,10000
stackoverflow,0.25,euclidean_mean_std,id_recall,5,0.21266666666666662,0.19933333333333325,0.0636849886376513,0.16493333333333332,0.2625333333333333,5,0,0,20260725,10000
stackoverflow,0.25,euclidean_mean_std,false_accept_rate,5,0.0014222222222222193,-0.001111111111111101,0.027735790489439364,-0.020400000000000022,0.023244444444444456,2,0,3,20260725,10000
stackoverflow,0.25,euclidean_mean_std,false_reject_rate,5,-0.21266666666666664,-0.1993333333333334,0.06368498863765132,-0.2604,-0.16186666666666666,0,0,5,20260725,10000
stackoverflow,0.25,euclidean_mean_std,accuracy,5,0.05156666666666656,0.049666666666666526,0.01954005856922869,0.03599999999999992,0.06649999999999989,5,0,0,20260725,10000
stackoverflow,0.25,euclidean_mean_std,auroc,5,0.060289125925925925,0.057929037037037,0.024425839550483355,0.04068014814814809,0.07712186666666672,5,0,0,20260725,10000
stackoverflow,0.25,euclidean_mean_std,aupr_oos,5,0.036515521710715815,0.037672043353882856,0.018060419667479368,0.022933934005807434,0.050588460043394054,5,0,0,20260725,10000
stackoverflow,0.5,euclidean_mean_std,oos_f1,5,0.07464420706525324,0.06580074443144979,0.024403897411349126,0.05643229010880442,0.09471408384173477,5,0,0,20260725,10000
stackoverflow,0.5,euclidean_mean_std,f1_all,5,0.19643963331068556,0.1695037479282102,0.06568474194900496,0.15415611715519498,0.25468653595980795,5,0,0,20260725,10000
stackoverflow,0.5,euclidean_mean_std,f1_k,5,0.2086191759352288,0.17987404827788622,0.07007996612940327,0.163928499859834,0.2706837811716153,5,0,0,20260725,10000
stackoverflow,0.5,euclidean_mean_std,id_recall,5,0.2892,0.2693333333333333,0.05407279044645901,0.25759999999999994,0.33773333333333333,5,0,0,20260725,10000
stackoverflow,0.5,euclidean_mean_std,false_accept_rate,5,0.06386666666666671,0.063,0.026911996498876788,0.041721666666666705,0.08600000000000005,5,0,0,20260725,10000
stackoverflow,0.5,euclidean_mean_std,false_reject_rate,5,-0.2892,-0.2693333333333333,0.054072790446458976,-0.33666666666666667,-0.2576,0,0,5,20260725,10000
stackoverflow,0.5,euclidean_mean_std,accuracy,5,0.11103333333333332,0.09716666666666662,0.032958180572760155,0.08743333333333334,0.1377,5,0,0,20260725,10000
stackoverflow,0.5,euclidean_mean_std,auroc,5,0.062402266666666664,0.056122111111111206,0.0288143253314419,0.04299622222222219,0.08880177777777779,5,0,0,20260725,10000
stackoverflow,0.5,euclidean_mean_std,aupr_oos,5,0.08919534560563629,0.08684171186766498,0.03202937379719466,0.06418497530195895,0.11716906882046155,5,0,0,20260725,10000
stackoverflow,0.75,euclidean_mean_std,oos_f1,5,0.22679637572313677,0.22186401709598402,0.03214343689226095,0.2013291234777773,0.2528454686228274,5,0,0,20260725,10000
stackoverflow,0.75,euclidean_mean_std,f1_all,5,0.32351973426271385,0.33669921026639593,0.046165181292079395,0.28860849870232497,0.35843096982310285,5,0,0,20260725,10000
stackoverflow,0.75,euclidean_mean_std,f1_k,5,0.3299679581653523,0.34277656853488125,0.047493233511839504,0.29389974429454785,0.36776672098946406,5,0,0,20260725,10000
stackoverflow,0.75,euclidean_mean_std,id_recall,5,0.3961333333333334,0.41044444444444445,0.03686297617319686,0.3675111111111112,0.42475555555555566,5,0,0,20260725,10000
stackoverflow,0.75,euclidean_mean_std,false_accept_rate,5,0.0637333333333333,0.04466666666666659,0.0464222169033559,0.02786666666666664,0.09959999999999995,5,0,0,20260725,10000
stackoverflow,0.75,euclidean_mean_std,false_reject_rate,5,-0.39613333333333334,-0.41044444444444445,0.03686297617319688,-0.42475555555555566,-0.3675111111111111,0,0,5,20260725,10000
stackoverflow,0.75,euclidean_mean_std,accuracy,5,0.27236666666666665,0.28400000000000003,0.030775034976061013,0.24889999999999998,0.2952666666666667,5,0,0,20260725,10000
stackoverflow,0.75,euclidean_mean_std,auroc,5,0.11924604444444442,0.11053585185185189,0.043646251285724066,0.08665016296296299,0.15184192592592585,5,0,0,20260725,10000
stackoverflow,0.75,euclidean_mean_std,aupr_oos,5,0.277040889589135,0.27971225630761165,0.08646401957841564,0.20678939633770818,0.3452408375536488,5,0,0,20260725,10000
banking77,0.25,mahalanobis_diag_mean,oos_f1,5,0.01592398170089928,0.019677873333125318,0.018082003539782496,0.0007678510651476511,0.02832293900064773,4,0,1,20260725,10000
banking77,0.25,mahalanobis_diag_mean,f1_all,5,0.25376458932675244,0.2620879500628255,0.034300656231693226,0.22752853687468946,0.2800006417788154,5,0,0,20260725,10000
banking77,0.25,mahalanobis_diag_mean,f1_k,5,0.26628251604390263,0.27433007819457833,0.035297948778627325,0.23921493603407162,0.29335009605373363,5,0,0,20260725,10000
banking77,0.25,mahalanobis_diag_mean,id_recall,5,0.44947368421052636,0.45131578947368417,0.02792141227011796,0.4276315789473685,0.47131578947368424,5,0,0,20260725,10000
banking77,0.25,mahalanobis_diag_mean,false_accept_rate,5,0.0918103448275862,0.0931034482758621,0.032837925784036055,0.06982758620689652,0.11887931034482757,5,0,0,20260725,10000
banking77,0.25,mahalanobis_diag_mean,false_reject_rate,5,-0.44947368421052636,-0.45131578947368417,0.02792141227011793,-0.4713157894736842,-0.4276315789473685,0,0,5,20260725,10000
banking77,0.25,mahalanobis_diag_mean,accuracy,5,0.039870129870129854,0.04512987012987013,0.023658340361184266,0.01967532467532467,0.05629870129870129,5,0,0,20260725,10000
banking77,0.25,mahalanobis_diag_mean,auroc,5,0.03383938294010891,0.045348230490018016,0.022056724215564805,0.01482838021778583,0.04876814882032672,4,0,1,20260725,10000
banking77,0.25,mahalanobis_diag_mean,aupr_oos,5,0.017692405332188233,0.02002482979744602,0.012060714833681735,0.0071583490091317705,0.02607127330173311,4,0,1,20260725,10000
banking77,0.5,mahalanobis_diag_mean,oos_f1,5,0.0920138936961388,0.10267158441973423,0.018657581761118387,0.07510770386650927,0.10355322973302077,5,0,0,20260725,10000
banking77,0.5,mahalanobis_diag_mean,f1_all,5,0.3660815424645497,0.3735123884814549,0.02443492688723175,0.3449408843008964,0.3837497222830174,5,0,0,20260725,10000
banking77,0.5,mahalanobis_diag_mean,f1_k,5,0.3732938490110868,0.38058642442041135,0.024721542136932447,0.352051498330641,0.3912760070750759,5,0,0,20260725,10000
banking77,0.5,mahalanobis_diag_mean,id_recall,5,0.5194736842105264,0.5203947368421054,0.021321271224957448,0.5030263157894737,0.535921052631579,5,0,0,20260725,10000
banking77,0.5,mahalanobis_diag_mean,false_accept_rate,5,0.15141025641025643,0.1423076923076923,0.03265269092819262,0.1276923076923077,0.17935897435897438,5,0,0,20260725,10000
banking77,0.5,mahalanobis_diag_mean,false_reject_rate,5,-0.5194736842105264,-0.5203947368421054,0.021321271224957465,-0.535921052631579,-0.5030263157894737,0,0,5,20260725,10000
banking77,0.5,mahalanobis_diag_mean,accuracy,5,0.16948051948051948,0.17272727272727273,0.01702766542362904,0.1546103896103896,0.1801298701298701,5,0,0,20260725,10000
banking77,0.5,mahalanobis_diag_mean,auroc,5,0.05251914642375175,0.05031756072874505,0.012821487301848556,0.04251720647773283,0.061593454790823274,5,0,0,20260725,10000
banking77,0.5,mahalanobis_diag_mean,aupr_oos,5,0.07927814599649916,0.07811197307344808,0.021828397950951726,0.06228931581830246,0.09543483756633786,5,0,0,20260725,10000
banking77,0.75,mahalanobis_diag_mean,oos_f1,5,0.22034255723956991,0.21484124691898626,0.02683053001472013,0.20125540696157448,0.24279244282353857,5,0,0,20260725,10000
banking77,0.75,mahalanobis_diag_mean,f1_all,5,0.45666446623103774,0.46580178635042585,0.015411236433042092,0.4440028041591445,0.4677449360467616,5,0,0,20260725,10000
banking77,0.75,mahalanobis_diag_mean,f1_k,5,0.46073898190330437,0.47006122202727435,0.015498920955097138,0.4479676559184595,0.47187620276649317,5,0,0,20260725,10000
banking77,0.75,mahalanobis_diag_mean,id_recall,5,0.5687068965517242,0.5715517241379311,0.010161815051295778,0.5607758620689655,0.5763793103448276,5,0,0,20260725,10000
banking77,0.75,mahalanobis_diag_mean,false_accept_rate,5,0.19078947368421054,0.2013157894736842,0.04569409303732984,0.15394736842105264,0.22552631578947366,5,0,0,20260725,10000
banking77,0.75,mahalanobis_diag_mean,false_reject_rate,5,-0.5687068965517241,-0.5715517241379311,0.010161815051295795,-0.5763793103448276,-0.5604310344827587,0,0,5,20260725,10000
banking77,0.75,mahalanobis_diag_mean,accuracy,5,0.36,0.36071428571428577,0.013442499496514047,0.34818181818181815,0.3704545454545455,5,0,0,20260725,10000
banking77,0.75,mahalanobis_diag_mean,auroc,5,0.07643557168784028,0.08345621597096198,0.02234376762749232,0.05595258620689651,0.09011343012704173,5,0,0,20260725,10000
banking77,0.75,mahalanobis_diag_mean,aupr_oos,5,0.19010036818551818,0.20771821958085745,0.044116781393775305,0.15386919641893687,0.21839069476319822,5,0,0,20260725,10000
clinc150,0.25,mahalanobis_diag_mean,oos_f1,5,0.031687234663508757,0.030628149844954433,0.005781967063197323,0.02771220405255719,0.036457917209556934,5,0,0,20260725,10000
clinc150,0.25,mahalanobis_diag_mean,f1_all,5,0.3226395079553279,0.3077043641716897,0.032873950100026014,0.29857419841659344,0.35069443294729863,5,0,0,20260725,10000
clinc150,0.25,mahalanobis_diag_mean,f1_k,5,0.3302961467261653,0.31507841298975287,0.03364839563448955,0.3056856317379646,0.35904939897615307,5,0,0,20260725,10000
clinc150,0.25,mahalanobis_diag_mean,id_recall,5,0.4087719298245614,0.40350877192982465,0.024694189930279383,0.39070175438596494,0.42877192982456147,5,0,0,20260725,10000
clinc150,0.25,mahalanobis_diag_mean,false_accept_rate,5,0.02732456140350878,0.0324561403508772,0.010445596944985374,0.01820175438596494,0.03456140350877192,5,0,0,20260725,10000
clinc150,0.25,mahalanobis_diag_mean,false_reject_rate,5,-0.4087719298245614,-0.40350877192982454,0.024694189930279383,-0.4287719298245614,-0.3907017543859649,0,0,5,20260725,10000
clinc150,0.25,mahalanobis_diag_mean,accuracy,5,0.05940350877192979,0.05701754385964908,0.009366351042746357,0.05266666666666662,0.0671228070175438,5,0,0,20260725,10000
clinc150,0.25,mahalanobis_diag_mean,auroc,5,0.0511526238842722,0.05053670360110818,0.013773123021079197,0.04060749461372737,0.06172237611572813,5,0,0,20260725,10000
clinc150,0.25,mahalanobis_diag_mean,aupr_oos,5,0.022810348387829027,0.022459081477798737,0.006397100390074108,0.017827905207877092,0.02806997137978202,5,0,0,20260725,10000
clinc150,0.5,mahalanobis_diag_mean,oos_f1,5,0.09740294124317324,0.09879458697507115,0.0030891596633473416,0.0946872603714686,0.0994768476466554,5,0,0,20260725,10000
clinc150,0.5,mahalanobis_diag_mean,f1_all,5,0.41083189071010295,0.4157576105305303,0.01138943383286135,0.40060830347331694,0.41645232761373074,5,0,0,20260725,10000
clinc150,0.5,mahalanobis_diag_mean,f1_k,5,0.41501094336966204,0.4199746053881474,0.011532976024439505,0.4046484971051593,0.42069507255917615,5,0,0,20260725,10000
clinc150,0.5,mahalanobis_diag_mean,id_recall,5,0.4650666666666667,0.46799999999999997,0.014314285362256107,0.45342222222222217,0.47519999999999996,5,0,0,20260725,10000
clinc150,0.5,mahalanobis_diag_mean,false_accept_rate,5,0.0312463768115942,0.030144927536231797,0.007576259363573117,0.02585507246376812,0.03733333333333334,5,0,0,20260725,10000
clinc150,0.5,mahalanobis_diag_mean,false_reject_rate,5,-0.4650666666666667,-0.46799999999999997,0.01431428536225609,-0.4754666666666667,-0.45280000000000004,0,0,5,20260725,10000
clinc150,0.5,mahalanobis_diag_mean,accuracy,5,0.16168421052631582,0.16315789473684217,0.00417860708323338,0.15845614035087716,0.16484210526315793,5,0,0,20260725,10000
clinc150,0.5,mahalanobis_diag_mean,auroc,5,0.0647365925925926,0.06525565217391316,0.014856383062939384,0.05309500805152985,0.07518956521739129,5,0,0,20260725,10000
clinc150,0.5,mahalanobis_diag_mean,aupr_oos,5,0.061003109855427916,0.06358178939140202,0.015833317993762065,0.04670167098546592,0.07151408694004269,5,0,0,20260725,10000
clinc150,0.75,mahalanobis_diag_mean,oos_f1,5,0.1788377439661401,0.18064944233977498,0.0029581714143135087,0.17653003204011514,0.18104609061355376,5,0,0,20260725,10000
clinc150,0.75,mahalanobis_diag_mean,f1_all,5,0.45608610173203246,0.4548392558426456,0.004818172156691088,0.4526877046740637,0.4599671671896378,5,0,0,20260725,10000
clinc150,0.75,mahalanobis_diag_mean,f1_k,5,0.45856153349779943,0.45728209375836554,0.00488344811935149,0.4551237335328814,0.462488282509989,5,0,0,20260725,10000
clinc150,0.75,mahalanobis_diag_mean,id_recall,5,0.4952976190476191,0.4943452380952381,0.0033234867321770755,0.49267857142857147,0.4979166666666668,5,0,0,20260725,10000
clinc150,0.75,mahalanobis_diag_mean,false_accept_rate,5,0.0352991452991453,0.035042735042735,0.004127860048219909,0.0318803418803419,0.0386324786324786,5,0,0,20260725,10000
clinc150,0.75,mahalanobis_diag_mean,false_reject_rate,5,-0.4952976190476191,-0.4943452380952381,0.003323486732177073,-0.4979166666666667,-0.49267857142857147,0,0,5,20260725,10000
clinc150,0.75,mahalanobis_diag_mean,accuracy,5,0.27207017543859646,0.2724561403508773,0.0015563687800854188,0.2708771929824561,0.27322807017543865,5,0,0,20260725,10000
clinc150,0.75,mahalanobis_diag_mean,auroc,5,0.06615572853072853,0.06733007733007723,0.01733275588725269,0.05325971713471718,0.07932794057794064,5,0,0,20260725,10000
clinc150,0.75,mahalanobis_diag_mean,aupr_oos,5,0.11806413635352583,0.11605799151080098,0.026276363146380332,0.09782451861373034,0.13830375409332135,5,0,0,20260725,10000
stackoverflow,0.25,mahalanobis_diag_mean,oos_f1,5,0.059644020288781796,0.06206532335594872,0.011600294379914859,0.0504425723086934,0.06852502945438795,5,0,0,20260725,10000
stackoverflow,0.25,mahalanobis_diag_mean,f1_all,5,0.346238541906846,0.35493591607968744,0.03602520842828444,0.31787356805316697,0.37460351576052503,5,0,0,20260725,10000
stackoverflow,0.25,mahalanobis_diag_mean,f1_k,5,0.4035574462304588,0.41160016706065544,0.04141278117193301,0.37091370592640927,0.43620118653450835,5,0,0,20260725,10000
stackoverflow,0.25,mahalanobis_diag_mean,id_recall,5,0.5277333333333333,0.5306666666666668,0.03689504634018564,0.4974666666666666,0.5530666666666667,5,0,0,20260725,10000
stackoverflow,0.25,mahalanobis_diag_mean,false_accept_rate,5,0.0336,0.0331111111111111,0.01999283822389692,0.018711111111111102,0.05066666666666667,5,0,0,20260725,10000
stackoverflow,0.25,mahalanobis_diag_mean,false_reject_rate,5,-0.5277333333333333,-0.5306666666666667,0.03689504634018561,-0.5530666666666667,-0.4972,0,0,5,20260725,10000
stackoverflow,0.25,mahalanobis_diag_mean,accuracy,5,0.1054999999999999,0.11016666666666652,0.017215948678155603,0.09216666666666659,0.11883333333333321,5,0,0,20260725,10000
stackoverflow,0.25,mahalanobis_diag_mean,auroc,5,0.04363484444444447,0.04914548148148146,0.014361016426996363,0.030987792592592676,0.05222382222222224,5,0,0,20260725,10000
stackoverflow,0.25,mahalanobis_diag_mean,aupr_oos,5,0.020595226818388303,0.01888972425377633,0.010182829329958407,0.012810555597214491,0.028052791205729656,5,0,0,20260725,10000
stackoverflow,0.5,mahalanobis_diag_mean,oos_f1,5,0.15264205999399452,0.15108852001435114,0.016790447944726176,0.1398137317229316,0.16500314948800304,5,0,0,20260725,10000
stackoverflow,0.5,mahalanobis_diag_mean,f1_all,5,0.4584160718318261,0.4529171722145766,0.04046043765796046,0.4325449870901865,0.49447559270665337,5,0,0,20260725,10000
stackoverflow,0.5,mahalanobis_diag_mean,f1_k,5,0.48899347301560925,0.48120259672464977,0.04336674266007676,0.46000509820339464,0.5279542751139655,5,0,0,20260725,10000
stackoverflow,0.5,mahalanobis_diag_mean,id_recall,5,0.5907333333333333,0.5806666666666667,0.02757051565229299,0.5722666666666667,0.6135999999999999,5,0,0,20260725,10000
stackoverflow,0.5,mahalanobis_diag_mean,false_accept_rate,5,0.08740000000000002,0.0843333333333334,0.030740310126390474,0.062066666666666694,0.10873333333333335,5,0,0,20260725,10000
stackoverflow,0.5,mahalanobis_diag_mean,false_reject_rate,5,-0.5907333333333333,-0.5806666666666667,0.02757051565229299,-0.6135999999999999,-0.5722666666666667,0,0,5,20260725,10000
stackoverflow,0.5,mahalanobis_diag_mean,accuracy,5,0.2476,0.2423333333333333,0.02003628652664406,0.2326,0.2618666666666667,5,0,0,20260725,10000
stackoverflow,0.5,mahalanobis_diag_mean,auroc,5,0.06158528888888885,0.048382444444444284,0.030746592686320916,0.046943200000000004,0.08935513333333336,5,0,0,20260725,10000
stackoverflow,0.5,mahalanobis_diag_mean,aupr_oos,5,0.0808147867835122,0.06740515795619895,0.03198539723276616,0.06295477024309706,0.10903417115776859,5,0,0,20260725,10000
stackoverflow,0.75,mahalanobis_diag_mean,oos_f1,5,0.3149677035975347,0.3193350022932845,0.029785401649508665,0.28914089250648967,0.33621973763333635,5,0,0,20260725,10000
stackoverflow,0.75,mahalanobis_diag_mean,f1_all,5,0.5773798519786153,0.5867590734317352,0.02997626140877497,0.5538280110847065,0.6009316928725241,5,0,0,20260725,10000
stackoverflow,0.75,mahalanobis_diag_mean,f1_k,5,0.5948739952040206,0.6037314601480201,0.030876324859275515,0.5706408830942695,0.6191071073137717,5,0,0,20260725,10000
stackoverflow,0.75,mahalanobis_diag_mean,id_recall,5,0.6560444444444447,0.6617777777777778,0.0238044502530903,0.636888888888889,0.6735555555555557,5,0,0,20260725,10000
stackoverflow,0.75,mahalanobis_diag_mean,false_accept_rate,5,0.0824,0.057999999999999996,0.05715787104347243,0.03933333333333332,0.1290666666666667,5,0,0,20260725,10000
stackoverflow,0.75,mahalanobis_diag_mean,false_reject_rate,5,-0.6560444444444444,-0.6617777777777778,0.023804450253090317,-0.6735555555555557,-0.636888888888889,0,0,5,20260725,10000
stackoverflow,0.75,mahalanobis_diag_mean,accuracy,5,0.4582666666666667,0.4673333333333334,0.020700442829401842,0.44143333333333334,0.4738666666666667,5,0,0,20260725,10000
stackoverflow,0.75,mahalanobis_diag_mean,auroc,5,0.13607585185185184,0.14362162962962965,0.049086618787384934,0.09502471111111106,0.17195348148148143,5,0,0,20260725,10000
stackoverflow,0.75,mahalanobis_diag_mean,aupr_oos,5,0.3056929562101659,0.3311457737068184,0.10130487001213193,0.21979581380482877,0.3782258959342781,5,0,0,20260725,10000
banking77,0.25,mahalanobis_diag_mean_std,oos_f1,5,-0.004021600184011742,-0.0013506360732762346,0.014905978627360674,-0.01718786494075535,0.005937509444496447,2,0,3,20260725,10000
banking77,0.25,mahalanobis_diag_mean_std,f1_all,5,0.07360488878673092,0.07029449507271113,0.024655724368983157,0.05420872358040496,0.09300105399305689,5,0,0,20260725,10000
banking77,0.25,mahalanobis_diag_mean_std,f1_k,5,0.0776904934694016,0.07373670210128247,0.025366242479539183,0.05772120264705305,0.09765978429175015,5,0,0,20260725,10000
banking77,0.25,mahalanobis_diag_mean_std,id_recall,5,0.201578947368421,0.20394736842105265,0.03749884578094433,0.17342105263157892,0.23263157894736836,5,0,0,20260725,10000
banking77,0.25,mahalanobis_diag_mean_std,false_accept_rate,5,0.06310344827586206,0.0573275862068966,0.030300835077946727,0.04146551724137933,0.08844827586206896,5,0,0,20260725,10000
banking77,0.25,mahalanobis_diag_mean_std,false_reject_rate,5,-0.201578947368421,-0.2039473684210526,0.037498845780944326,-0.22999999999999998,-0.17342105263157892,0,0,5,20260725,10000
banking77,0.25,mahalanobis_diag_mean_std,accuracy,5,0.0009740259740259827,0.0051948051948051965,0.019019157947542373,-0.015974025974025974,0.013636363636363646,3,0,2,20260725,10000
banking77,0.25,mahalanobis_diag_mean_std,auroc,5,0.031328153357531696,0.034462908348457444,0.017528792181288694,0.01739019963702364,0.04445905172413787,5,0,0,20260725,10000
banking77,0.25,mahalanobis_diag_mean_std,aupr_oos,5,0.01658151516974917,0.019628487634596348,0.009288740851711786,0.009277256749396301,0.023397510567779965,5,0,0,20260725,10000
banking77,0.5,mahalanobis_diag_mean_std,oos_f1,5,0.04166585883096015,0.048132883637863055,0.01580660197293649,0.027767778858110347,0.052354409998875376,5,0,0,20260725,10000
banking77,0.5,mahalanobis_diag_mean_std,f1_all,5,0.16863831395599443,0.1711582019841157,0.01857762231682928,0.1535740781700775,0.18296286027213543,5,0,0,20260725,10000
banking77,0.5,mahalanobis_diag_mean_std,f1_k,5,0.1719796943540217,0.1746760295277613,0.018715296822767673,0.1569699764024982,0.1858331047505967,5,0,0,20260725,10000
banking77,0.5,mahalanobis_diag_mean_std,id_recall,5,0.3002631578947369,0.3013157894736842,0.018877108401623578,0.28578947368421054,0.31473684210526315,5,0,0,20260725,10000
banking77,0.5,mahalanobis_diag_mean_std,false_accept_rate,5,0.12243589743589745,0.11282051282051281,0.026402942726434633,0.10256410256410256,0.1441025641025642,5,0,0,20260725,10000
banking77,0.5,mahalanobis_diag_mean_std,false_reject_rate,5,-0.3002631578947369,-0.3013157894736843,0.018877108401623592,-0.31473684210526315,-0.28578947368421054,0,0,5,20260725,10000
banking77,0.5,mahalanobis_diag_mean_std,accuracy,5,0.07785714285714287,0.07857142857142863,0.01452427725519583,0.06590909090909089,0.08792207792207793,5,0,0,20260725,10000
banking77,0.5,mahalanobis_diag_mean_std,auroc,5,0.046827766531713964,0.05262651821862363,0.010131411244213922,0.038032135627530404,0.0536573886639677,5,0,0,20260725,10000
banking77,0.5,mahalanobis_diag_mean_std,aupr_oos,5,0.07230938533199685,0.07672362593854631,0.01816893979770202,0.05844438922784889,0.08563557100696792,5,0,0,20260725,10000
banking77,0.75,mahalanobis_diag_mean_std,oos_f1,5,0.15520265696899074,0.1551941025126723,0.027705375581473998,0.13654789376200294,0.17840360261279806,5,0,0,20260725,10000
banking77,0.75,mahalanobis_diag_mean_std,f1_all,5,0.25523982364564174,0.2547110866636074,0.02340309025324332,0.23697984466095418,0.2734998026303293,5,0,0,20260725,10000
banking77,0.75,mahalanobis_diag_mean_std,f1_k,5,0.25696460238144614,0.25642689673517527,0.02355897661917394,0.2385652661815087,0.2753639385813835,5,0,0,20260725,10000
banking77,0.75,mahalanobis_diag_mean_std,id_recall,5,0.36551724137931035,0.3599137931034483,0.0256872684612204,0.3464655172413794,0.3847413793103448,5,0,0,20260725,10000
banking77,0.75,mahalanobis_diag_mean_std,false_accept_rate,5,0.15552631578947368,0.1447368421052632,0.04826813668861253,0.11736842105263154,0.19368421052631576,5,0,0,20260725,10000
banking77,0.75,mahalanobis_diag_mean_std,false_reject_rate,5,-0.36551724137931035,-0.3599137931034483,0.025687268461220422,-0.3847413793103448,-0.34655172413793106,0,0,5,20260725,10000
banking77,0.75,mahalanobis_diag_mean_std,accuracy,5,0.2187012987012987,0.21980519480519478,0.01827809620309455,0.205,0.23344155844155842,5,0,0,20260725,10000
banking77,0.75,mahalanobis_diag_mean_std,auroc,5,0.07858541288566245,0.08633847549909257,0.023905505947241244,0.05762375226860261,0.09367740471869328,5,0,0,20260725,10000
banking77,0.75,mahalanobis_diag_mean_std,aupr_oos,5,0.1939707088525714,0.21230535182965027,0.048484700845894735,0.15220184871442224,0.2282238418855532,5,0,0,20260725,10000
clinc150,0.25,mahalanobis_diag_mean_std,oos_f1,5,0.01032880531290301,0.008633265599209627,0.00436005119575545,0.0069844013223247185,0.013717154133126819,5,0,0,20260725,10000
clinc150,0.25,mahalanobis_diag_mean_std,f1_all,5,0.09527641905276044,0.09207783788078783,0.030111278140090705,0.07272266189729396,0.11901151747053444,5,0,0,20260725,10000
clinc150,0.25,mahalanobis_diag_mean_std,f1_k,5,0.09751188257223034,0.09430470275653802,0.030809565405887033,0.0744464251071777,0.12179092567043133,5,0,0,20260725,10000
clinc150,0.25,mahalanobis_diag_mean_std,id_recall,5,0.13456140350877194,0.14210526315789473,0.04109534440160603,0.10438596491228073,0.1649122807017544,5,0,0,20260725,10000
clinc150,0.25,mahalanobis_diag_mean_std,false_accept_rate,5,0.01,0.010964912280701799,0.007184486317350649,0.004385964912280681,0.01561403508771932,5,0,0,20260725,10000
clinc150,0.25,mahalanobis_diag_mean_std,false_reject_rate,5,-0.13456140350877194,-0.1421052631578948,0.04109534440160604,-0.1649122807017544,-0.10438596491228067,0,0,5,20260725,10000
clinc150,0.25,mahalanobis_diag_mean_std,accuracy,5,0.01912280701754381,0.015789473684210353,0.007569316492913906,0.013333333333333286,0.02491228070175433,5,0,0,20260725,10000
clinc150,0.25,mahalanobis_diag_mean_std,auroc,5,0.03139188981225001,0.033011311172668534,0.0080117933255233,0.02463446445060018,0.037251308094798465,5,0,0,20260725,10000
clinc150,0.25,mahalanobis_diag_mean_std,aupr_oos,5,0.014100570241785414,0.014689227342178368,0.0031641329036010716,0.0113420356844826,0.016203338855761105,5,0,0,20260725,10000
clinc150,0.5,mahalanobis_diag_mean_std,oos_f1,5,0.04883975328188104,0.04901625498090545,0.0015476565346521265,0.04764431571393981,0.05003519084982226,5,0,0,20260725,10000
clinc150,0.5,mahalanobis_diag_mean_std,f1_all,5,0.1721844564526416,0.16562604200726727,0.01299545446173445,0.1633151195490073,0.1835299804380468,5,0,0,20260725,10000
clinc150,0.5,mahalanobis_diag_mean_std,f1_k,5,0.17382905249491848,0.16717089682105324,0.01317374448158788,0.16484539585726038,0.185337851209677,5,0,0,20260725,10000
clinc150,0.5,mahalanobis_diag_mean_std,id_recall,5,0.21102222222222222,0.20399999999999996,0.017145420149379982,0.19777777777777777,0.22426666666666667,5,0,0,20260725,10000
clinc150,0.5,mahalanobis_diag_mean_std,false_accept_rate,5,0.011942028985507261,0.006956521739130396,0.008235149382993525,0.0062608695652173986,0.019072463768115964,5,0,0,20260725,10000
clinc150,0.5,mahalanobis_diag_mean_std,false_reject_rate,5,-0.21102222222222222,-0.20400000000000001,0.01714542014937996,-0.22426666666666667,-0.19777777777777777,0,0,5,20260725,10000
clinc150,0.5,mahalanobis_diag_mean_std,accuracy,5,0.07487719298245617,0.07526315789473681,0.0011329041607693548,0.074,0.07575438596491232,5,0,0,20260725,10000
clinc150,0.5,mahalanobis_diag_mean_std,auroc,5,0.047990492753623104,0.048501513687600584,0.009883576993359075,0.04025110466988726,0.05533147826086946,5,0,0,20260725,10000
clinc150,0.5,mahalanobis_diag_mean_std,aupr_oos,5,0.045230666924403765,0.04662853488024876,0.01006606986063208,0.03711854085907114,0.05207107191636336,5,0,0,20260725,10000
clinc150,0.75,mahalanobis_diag_mean_std,oos_f1,5,0.10874981752645278,0.11025462066827685,0.004012978682807476,0.10570382310411888,0.11177854825514774,5,0,0,20260725,10000
clinc150,0.75,mahalanobis_diag_mean_std,f1_all,5,0.2331106491564773,0.23043101192222093,0.019056807440524154,0.2178721957464509,0.24755141095403127,5,0,0,20260725,10000
clinc150,0.75,mahalanobis_diag_mean_std,f1_k,5,0.23422101372460252,0.23155711352912445,0.019203137763029204,0.21885596792250245,0.2487835100615489,5,0,0,20260725,10000
clinc150,0.75,mahalanobis_diag_mean_std,id_recall,5,0.27029761904761906,0.27142857142857146,0.013385249161846665,0.2594047619047619,0.2802976190476191,5,0,0,20260725,10000
clinc150,0.75,mahalanobis_diag_mean_std,false_accept_rate,5,0.02128205128205128,0.0192307692307692,0.006650759017935225,0.016153846153846164,0.026495726495726502,5,0,0,20260725,10000
clinc150,0.75,mahalanobis_diag_mean_std,false_reject_rate,5,-0.2702976190476191,-0.2714285714285715,0.013385249161846646,-0.2801785714285715,-0.25869047619047625,0,0,5,20260725,10000
clinc150,0.75,mahalanobis_diag_mean_std,accuracy,5,0.14792982456140352,0.14877192982456144,0.007582926181068135,0.14192982456140352,0.1536842105263158,5,0,0,20260725,10000
clinc150,0.75,mahalanobis_diag_mean_std,auroc,5,0.05328607041107043,0.05673929080179074,0.010464193472178744,0.04482783882783896,0.06108407102157094,5,0,0,20260725,10000
clinc150,0.75,mahalanobis_diag_mean_std,aupr_oos,5,0.0987187894558392,0.10399080499886904,0.016294854842159853,0.08507583950088075,0.11088192097620302,5,0,0,20260725,10000
stackoverflow,0.25,mahalanobis_diag_mean_std,oos_f1,5,0.028800829501088976,0.02989177302997381,0.01222467583576215,0.019282228458535843,0.03811839745763661,5,0,0,20260725,10000
stackoverflow,0.25,mahalanobis_diag_mean_std,f1_all,5,0.14186338138724225,0.14453776314309053,0.04293184293356094,0.10823071269196231,0.17549605008252217,5,0,0,20260725,10000
stackoverflow,0.25,mahalanobis_diag_mean_std,f1_k,5,0.1644758917644729,0.16475073679532382,0.049932844478196334,0.1254369580473685,0.20351482548157723,5,0,0,20260725,10000
stackoverflow,0.25,mahalanobis_diag_mean_std,id_recall,5,0.2518666666666666,0.2366666666666667,0.052250252524642306,0.21266666666666662,0.2933333333333333,5,0,0,20260725,10000
stackoverflow,0.25,mahalanobis_diag_mean_std,false_accept_rate,5,0.0181777777777778,0.0151111111111111,0.023458605517794665,-0.0005333333333333009,0.03613333333333336,4,0,1,20260725,10000
stackoverflow,0.25,mahalanobis_diag_mean_std,false_reject_rate,5,-0.25186666666666674,-0.23666666666666672,0.0522502525246423,-0.29333333333333333,-0.2126666666666667,0,0,5,20260725,10000
stackoverflow,0.25,mahalanobis_diag_mean_std,accuracy,5,0.04843333333333322,0.05166666666666653,0.01812479884945848,0.03419999999999992,0.06233333333333317,5,0,0,20260725,10000
stackoverflow,0.25,mahalanobis_diag_mean_std,auroc,5,0.036505185185185286,0.04033407407407419,0.014521953987340132,0.023337185185185304,0.04487451851851867,5,0,0,20260725,10000
stackoverflow,0.25,mahalanobis_diag_mean_std,aupr_oos,5,0.01696412086274124,0.017642056190660727,0.009450334997967123,0.009097875708006974,0.023944779419910002,5,0,0,20260725,10000
stackoverflow,0.5,mahalanobis_diag_mean_std,oos_f1,5,0.0842360401744714,0.07884032924650308,0.022986660089490827,0.06731129397107402,0.1019461261950451,5,0,0,20260725,10000
stackoverflow,0.5,mahalanobis_diag_mean_std,f1_all,5,0.23206595555377652,0.20581168513461479,0.06257109511903576,0.193252479722903,0.2855303626959115,5,0,0,20260725,10000
stackoverflow,0.5,mahalanobis_diag_mean_std,f1_k,5,0.24684894709170702,0.2188487671487227,0.06675015074148032,0.20575323646449198,0.3041899612400961,5,0,0,20260725,10000
stackoverflow,0.5,mahalanobis_diag_mean_std,id_recall,5,0.33506666666666673,0.31633333333333336,0.05008847727327669,0.3058,0.38000000000000006,5,0,0,20260725,10000
stackoverflow,0.5,mahalanobis_diag_mean_std,false_accept_rate,5,0.0748,0.0736666666666667,0.02568354423447907,0.053200000000000025,0.09366666666666668,5,0,0,20260725,10000
stackoverflow,0.5,mahalanobis_diag_mean_std,false_reject_rate,5,-0.3350666666666666,-0.31633333333333324,0.05008847727327668,-0.3801333333333333,-0.3056666666666667,0,0,5,20260725,10000
stackoverflow,0.5,mahalanobis_diag_mean_std,accuracy,5,0.1274,0.1166666666666667,0.031301978993170484,0.10580000000000003,0.15156666666666666,5,0,0,20260725,10000
stackoverflow,0.5,mahalanobis_diag_mean_std,auroc,5,0.05717917777777772,0.04245633333333321,0.03518937307639728,0.038539799999999944,0.08898933333333325,5,0,0,20260725,10000
stackoverflow,0.5,mahalanobis_diag_mean_std,aupr_oos,5,0.0770228980039744,0.06290306673520996,0.037650029083557225,0.05568924468743801,0.11097481453095173,5,0,0,20260725,10000
stackoverflow,0.75,mahalanobis_diag_mean_std,oos_f1,5,0.24736595808066575,0.2438703287884928,0.03248985444043722,0.2208257531162879,0.2695747430235055,5,0,0,20260725,10000
stackoverflow,0.75,mahalanobis_diag_mean_std,f1_all,5,0.3769603934104304,0.3911884218719566,0.042407270798787956,0.34495606717655314,0.4089647196443078,5,0,0,20260725,10000
stackoverflow,0.75,mahalanobis_diag_mean_std,f1_k,5,0.3856000224324146,0.3995643306103142,0.043494367786120404,0.3526180142647054,0.4185820306001239,5,0,0,20260725,10000
stackoverflow,0.75,mahalanobis_diag_mean_std,id_recall,5,0.4504888888888889,0.46155555555555555,0.034559806812445866,0.4235111111111111,0.47746666666666676,5,0,0,20260725,10000
stackoverflow,0.75,mahalanobis_diag_mean_std,false_accept_rate,5,0.07,0.047999999999999994,0.050497524691810375,0.03146666666666668,0.10986666666666664,5,0,0,20260725,10000
stackoverflow,0.75,mahalanobis_diag_mean_std,false_reject_rate,5,-0.4504888888888889,-0.46155555555555555,0.0345598068124459,-0.47746666666666676,-0.4235111111111111,0,0,5,20260725,10000
stackoverflow,0.75,mahalanobis_diag_mean_std,accuracy,5,0.3097333333333333,0.31999999999999995,0.029807856906079906,0.2865666666666667,0.33213333333333334,5,0,0,20260725,10000
stackoverflow,0.75,mahalanobis_diag_mean_std,auroc,5,0.1367439111111111,0.14557748148148153,0.04534940270622979,0.10201878518518515,0.16923456888888813,5,0,0,20260725,10000
stackoverflow,0.75,mahalanobis_diag_mean_std,aupr_oos,5,0.30880560866245405,0.3391045314829812,0.09270014807931912,0.23423699322150152,0.3777788855583989,5,0,0,20260725,10000
