accuracy,aupr_oos,auroc,calibration_embedding_sha256,checkpoint_sha256,dataset,f1_all,f1_k,f1_u,false_accept_rate,false_reject_rate,fpr95,id_recall,input_sample_order_hash,kir,known_recall,method,oos_f1,oos_precision,oos_recall,oos_rejection,oos_used_for_training,representation_mode,seed,split_validation,stage,test_embedding_sha256,test_used_for_selection,train_embedding_sha256,trainable_parameters,training_time_seconds,source_stage,metrics_path,representation,distance,boundary,supervision,protocol_version
0.8717532467532467,0.968786301571126,0.9256567604355717,89174d7f6c2a42642e0340052d648fb4ba1d52f58b7c995d0e338719ce940537,a59ebd5a8e4753eb9a6eaa43a2ce417e3d6a9bf9e48acf1aba14cebea36e1938,banking77,0.7691237472003842,0.7614204325444194,0.9154867256637168,0.10818965517241379,0.1723684210526316,0.2986842105263158,0.8276315789473684,7903ed596e2907b79cc722d9dde41dcf89305d434576571b08cf8ed155c4ff02,0.25,0.8276315789473684,trainable_k1,0.9154867256637168,0.9404545454545454,0.8918103448275863,0.8918103448275863,False,last2_minilm_plus_projection,13,"{'calibration_count': 242, 'calibration_sample_ids_sha256': '7056e9f0713226f6db8fe5f0ea7ec804a8296f186683ef6b46f73d61a16601f1', 'dataset': 'banking77', 'kir': 0.25, 'oos_used_for_training': False, 'overlap_counts': {'calibration_test': 0, 'train_calibration': 0, 'train_test': 0}, 'seed': 13, 'test_count': 3080, 'test_known_count': 760, 'test_oos_count': 2320, 'test_sample_ids_sha256': '7903ed596e2907b79cc722d9dde41dcf89305d434576571b08cf8ed155c4ff02', 'test_used_for_selection': False, 'train_count': 2177, 'train_sample_ids_sha256': '611ed7f2a81de84c9bb1564b20f74ecf6806669fb2655c26378cccbbe20ae77a'}",minilm_trainable_kir_sweep_v1/kir_0.25,0c2d9ade417a17a60fcb553e549e2d7e01cf7d2ccaf600c9e0c1f4784d5c03de,False,cbfdde83fa73be1d29becb97f71533bfa13e1232f9b6f9cf129d384d528c7062,3746944,9.169151306152344,minilm_trainable_kir_sweep_v1,artifacts/s2c/runs/protocol_v2_textoir_v1/minilm_trainable_kir_sweep_v1/kir_0.25/runs/banking77/seed_13/metrics.json,last2_minilm_plus_projection,mahalanobis_diag,mean_std,known_only_train_and_calibration,protocol_v2_textoir_v1
0.8801948051948052,0.96790581565507,0.9272203947368423,16cdac79b60375134d246db51ed6091b6d996a6c6b4f3d25d70ec3fa3446c804,785f4453412898f373ce6ac9273da6ef2a97fad9143abf653f4fc76e36a30cfe,banking77,0.7939882940487182,0.7874023685186046,0.9191208791208791,0.09870689655172414,0.18289473684210528,0.2631578947368421,0.8171052631578948,f6d2fc6e4baaba4e85eed5e576b0b653dc0916816133001d202078519abd2cbd,0.25,0.8171052631578948,trainable_k1,0.9191208791208791,0.9376681614349776,0.9012931034482758,0.9012931034482758,False,last2_minilm_plus_projection,42,"{'calibration_count': 253, 'calibration_sample_ids_sha256': 'e1150e7f889fe8581a005992f23556a297ff74eb87ed92f6dfc3b2c9fe01e033', 'dataset': 'banking77', 'kir': 0.25, 'oos_used_for_training': False, 'overlap_counts': {'calibration_test': 0, 'train_calibration': 0, 'train_test': 0}, 'seed': 42, 'test_count': 3080, 'test_known_count': 760, 'test_oos_count': 2320, 'test_sample_ids_sha256': 'f6d2fc6e4baaba4e85eed5e576b0b653dc0916816133001d202078519abd2cbd', 'test_used_for_selection': False, 'train_count': 2290, 'train_sample_ids_sha256': '9dbe4e6b13687e4983346f7138f6cd1b3a9888cfb1915696199ecfc48ebad3cd'}",minilm_trainable_kir_sweep_v1/kir_0.25,cf19ced1cbe245a287cfaeaff6c2f32644349fa3a3273da7ba31a5b7621ef775,False,cd8281d903faecb745b50e90d3dfdc23d098c92424904c9d024a8afcb661efa4,3746944,8.928512334823608,minilm_trainable_kir_sweep_v1,artifacts/s2c/runs/protocol_v2_textoir_v1/minilm_trainable_kir_sweep_v1/kir_0.25/runs/banking77/seed_42/metrics.json,last2_minilm_plus_projection,mahalanobis_diag,mean_std,known_only_train_and_calibration,protocol_v2_textoir_v1
0.8954545454545455,0.9722067940438386,0.9331040154264973,50e903bf2a8e572669f826c3407f8690f9802f1e627aa8c212813988c65a59a6,585b30238339bb9eb13f0546b4525c774b3b507a246d69b1b863cc8de44cc10c,banking77,0.8149099652712799,0.8088265307304798,0.9304952215464813,0.07672413793103448,0.1868421052631579,0.24473684210526317,0.8131578947368421,af844565d3f0ce66016c398c5520863c27c97e52b027da55a6b5c2d12cf52e23,0.25,0.8131578947368421,trainable_k1,0.9304952215464813,0.9378283712784589,0.9232758620689655,0.9232758620689655,False,last2_minilm_plus_projection,87,"{'calibration_count': 265, 'calibration_sample_ids_sha256': '64604e0f1adf9f350d69adec19e88839faf9c8a3f1c1ff0f5cb6a8fa109f2396', 'dataset': 'banking77', 'kir': 0.25, 'oos_used_for_training': False, 'overlap_counts': {'calibration_test': 0, 'train_calibration': 0, 'train_test': 0}, 'seed': 87, 'test_count': 3080, 'test_known_count': 760, 'test_oos_count': 2320, 'test_sample_ids_sha256': 'af844565d3f0ce66016c398c5520863c27c97e52b027da55a6b5c2d12cf52e23', 'test_used_for_selection': False, 'train_count': 2394, 'train_sample_ids_sha256': '8bf773cb3df524ebb90092367b60b6029197fdea20aa7c5c644b17484af7da52'}",minilm_trainable_kir_sweep_v1/kir_0.25,3a2702e97c41bee8d041cd710cd5b4eae991d8dded2bf6252b521370b957ea44,False,6bb3432aadbc4e7a188788c6e78157e35765b6e990cda141bf71937740b264ea,3746944,8.979233264923096,minilm_trainable_kir_sweep_v1,artifacts/s2c/runs/protocol_v2_textoir_v1/minilm_trainable_kir_sweep_v1/kir_0.25/runs/banking77/seed_87/metrics.json,last2_minilm_plus_projection,mahalanobis_diag,mean_std,known_only_train_and_calibration,protocol_v2_textoir_v1
0.8918831168831168,0.9694606522842194,0.9305064655172413,82cd91d95d033fd1cc160830a5576c8002dc1b349d938add5c6d948a60c06520,b009b6ef42d8fedf801c296682ec72a4944b88ba7ccf1861c0a43b6e5621d0b9,banking77,0.7976710049892831,0.7906632889327773,0.9308176100628931,0.075,0.19078947368421054,0.2868421052631579,0.8092105263157895,3cfd2a03d5f028bc4fff8583d49fa6bc61715b5d7ed4badb9ad022bf59731862,0.25,0.8092105263157895,trainable_k1,0.9308176100628931,0.9367088607594937,0.925,0.925,False,last2_minilm_plus_projection,100,"{'calibration_count': 248, 'calibration_sample_ids_sha256': '28ab530c628c534c61c644e07aacca23deb0a71842b6462a9969a0cbf8d035fc', 'dataset': 'banking77', 'kir': 0.25, 'oos_used_for_training': False, 'overlap_counts': {'calibration_test': 0, 'train_calibration': 0, 'train_test': 0}, 'seed': 100, 'test_count': 3080, 'test_known_count': 760, 'test_oos_count': 2320, 'test_sample_ids_sha256': '3cfd2a03d5f028bc4fff8583d49fa6bc61715b5d7ed4badb9ad022bf59731862', 'test_used_for_selection': False, 'train_count': 2221, 'train_sample_ids_sha256': '65a3055ca57a77f44e902938b9e2b3361d9fb810bd7bf734e29930399c80bc31'}",minilm_trainable_kir_sweep_extension_v1/kir_0.25,52dd2792e237fa060f76a5079c4c705392c368f92135679312d984d56b7f2b4a,False,d176a2349af61818fef105920f03446c6b8d8ae3032f0dd240934009b07699f4,3746944,8.631697416305542,minilm_trainable_kir_sweep_extension_v1,artifacts/s2c/runs/protocol_v2_textoir_v1/minilm_trainable_kir_sweep_extension_v1/kir_0.25/runs/banking77/seed_100/metrics.json,last2_minilm_plus_projection,mahalanobis_diag,mean_std,known_only_train_and_calibration,protocol_v2_textoir_v1
0.837012987012987,0.9567111504764729,0.8983904264972776,763816ecbb783507950c76fd65dfca4d6ea82ad0f23e2464cc5870d7eb25f52b,3b11ca5cf50a63db4af0450b24fa94d6cf2de2ebf4e8e7033f203f601e872f50,banking77,0.7498148479796339,0.7426066270278735,0.8867710460630814,0.15775862068965518,0.175,0.40789473684210525,0.825,621232736fb039df977ae34d290585b503217a8239a671a9e69a18c1f26c0ba0,0.25,0.825,trainable_k1,0.8867710460630814,0.9362721609966459,0.8422413793103448,0.8422413793103448,False,last2_minilm_plus_projection,123,"{'calibration_count': 250, 'calibration_sample_ids_sha256': 'd2128b2692473f6040ae00043d59772f1ce4b3c4d0e051ca7a38046a4cd2bef6', 'dataset': 'banking77', 'kir': 0.25, 'oos_used_for_training': False, 'overlap_counts': {'calibration_test': 0, 'train_calibration': 0, 'train_test': 0}, 'seed': 123, 'test_count': 3080, 'test_known_count': 760, 'test_oos_count': 2320, 'test_sample_ids_sha256': '621232736fb039df977ae34d290585b503217a8239a671a9e69a18c1f26c0ba0', 'test_used_for_selection': False, 'train_count': 2243, 'train_sample_ids_sha256': '1a985be0a3c7d154dc291a9ad3891193b2e77883d47e33f8a54b3c4f58badbfd'}",minilm_trainable_kir_sweep_extension_v1/kir_0.25,a9069c301002f560203b0a29a4456692157b5dc28a8b4e03966d94105aa3c31c,False,b00bc41482ce6a0a5e888af77212e2c40244ec3c0c8b259d2c71b9389cca6154,3746944,9.068476438522339,minilm_trainable_kir_sweep_extension_v1,artifacts/s2c/runs/protocol_v2_textoir_v1/minilm_trainable_kir_sweep_extension_v1/kir_0.25/runs/banking77/seed_123/metrics.json,last2_minilm_plus_projection,mahalanobis_diag,mean_std,known_only_train_and_calibration,protocol_v2_textoir_v1
0.8314935064935065,0.8997160473749267,0.911104504048583,bb54af0688b34a7fb91a789119d12de77161fcc6e6fee92311d1981cdc01def4,bff191707643a9e619fd805f80752fbbda5e427b8ab9a26484f019edcaef720d,banking77,0.8199086432567366,0.819216709280921,0.8462021343377275,0.1358974358974359,0.18289473684210528,0.325,0.8171052631578948,e1bd681af3de63e9038614f8dbf5a7c9cf0f609daa7f7cedd6008c12df5f79f3,0.5,0.8171052631578948,trainable_k1,0.8462021343377275,0.8290282902829028,0.8641025641025641,0.8641025641025641,False,last2_minilm_plus_projection,13,"{'calibration_count': 494, 'calibration_sample_ids_sha256': '7e9f8a006e6987233e126938289385afb22a3f4d51d029c37d7f4df71748092d', 'dataset': 'banking77', 'kir': 0.5, 'oos_used_for_training': False, 'overlap_counts': {'calibration_test': 0, 'train_calibration': 0, 'train_test': 0}, 'seed': 13, 'test_count': 3080, 'test_known_count': 1520, 'test_oos_count': 1560, 'test_sample_ids_sha256': 'e1bd681af3de63e9038614f8dbf5a7c9cf0f609daa7f7cedd6008c12df5f79f3', 'test_used_for_selection': False, 'train_count': 4436, 'train_sample_ids_sha256': '9a70211ac673282d36e26f9e0a7ede421ea15e31c4ff5288ace1658081b947ea'}",minilm_trainable_kir_sweep_v1/kir_0.50,ac5565547e6b9aa56aef6bb2d107355b6f450949fdfb97ab7bed047368135ff2,False,799bd77a75fb9ca8bf207d9c74c6ae71cfb2ee23d098df87d7036592fbc30634,3746944,17.42287540435791,minilm_trainable_kir_sweep_v1,artifacts/s2c/runs/protocol_v2_textoir_v1/minilm_trainable_kir_sweep_v1/kir_0.50/runs/banking77/seed_13/metrics.json,last2_minilm_plus_projection,mahalanobis_diag,mean_std,known_only_train_and_calibration,protocol_v2_textoir_v1
0.824025974025974,0.8851886213770147,0.9006448211875844,59e5762f492bc95f7f3426e4a537e861682d2b71554bc4eb52fe518f32bfbeb1,9966d4dd80e8973aca5ae3e3449c3d6304ac4ba94f736c109deab3edd51ed409,banking77,0.8168639763258652,0.8162172308812371,0.8414403032217309,0.14615384615384616,0.18026315789473685,0.35460526315789476,0.8197368421052631,b61c5e2bfb07dd947297d03c696201360641779efcacbd3143584ed15086949b,0.5,0.8197368421052631,trainable_k1,0.8414403032217309,0.8293897882938979,0.8538461538461538,0.8538461538461538,False,last2_minilm_plus_projection,42,"{'calibration_count': 495, 'calibration_sample_ids_sha256': 'd98919d5b02f4003b740ee83d1d7ea576778049810926cc1ec0f449c8a20f300', 'dataset': 'banking77', 'kir': 0.5, 'oos_used_for_training': False, 'overlap_counts': {'calibration_test': 0, 'train_calibration': 0, 'train_test': 0}, 'seed': 42, 'test_count': 3080, 'test_known_count': 1520, 'test_oos_count': 1560, 'test_sample_ids_sha256': 'b61c5e2bfb07dd947297d03c696201360641779efcacbd3143584ed15086949b', 'test_used_for_selection': False, 'train_count': 4482, 'train_sample_ids_sha256': '72f467b1358e454fe7d59be2d1daf76e366eabcc0cf2a6a04a222620d5f054c0'}",minilm_trainable_kir_sweep_v1/kir_0.50,b61d69233778c680a93fa52e734bef576c35afae7951d27921d41305e0582a79,False,8dee0e7656c99a32aa56b5d3ddfb72fcef623b21d7647da9d67f7c55c1e1069d,3746944,16.20440101623535,minilm_trainable_kir_sweep_v1,artifacts/s2c/runs/protocol_v2_textoir_v1/minilm_trainable_kir_sweep_v1/kir_0.50/runs/banking77/seed_42/metrics.json,last2_minilm_plus_projection,mahalanobis_diag,mean_std,known_only_train_and_calibration,protocol_v2_textoir_v1
0.839935064935065,0.8918112259260201,0.9123578778677464,ddb6ae6b2e196962b21e2674fa462ce25e5124f474a1f6679dc5ae3df804e956,a8f59401e6206d70357440ed06dfa9f5b1f213fc549a15051fc4df0e99921363,banking77,0.8324583407388371,0.8318533492455537,0.8554480174836091,0.12179487179487179,0.17960526315789474,0.2881578947368421,0.8203947368421053,c5cc6e33cd9826a911f968acd1805d581729eb91e761213e30ea7400c0a16d96,0.5,0.8203947368421053,trainable_k1,0.8554480174836091,0.8338405356055996,0.8782051282051282,0.8782051282051282,False,last2_minilm_plus_projection,87,"{'calibration_count': 492, 'calibration_sample_ids_sha256': '4e642faf7d8304230cd548b39b52a89489bf9dab182d7e0568be1f8b777933a3', 'dataset': 'banking77', 'kir': 0.5, 'oos_used_for_training': False, 'overlap_counts': {'calibration_test': 0, 'train_calibration': 0, 'train_test': 0}, 'seed': 87, 'test_count': 3080, 'test_known_count': 1520, 'test_oos_count': 1560, 'test_sample_ids_sha256': 'c5cc6e33cd9826a911f968acd1805d581729eb91e761213e30ea7400c0a16d96', 'test_used_for_selection': False, 'train_count': 4448, 'train_sample_ids_sha256': '269270af7290c5c79dc99607595fb735fffa6b817f0939f508ca8ab66f24abd4'}",minilm_trainable_kir_sweep_v1/kir_0.50,d16249831cba5d649fc2bfe60d2bda5b62facea1a5264aaaf762d20012cc96e1,False,f3506d44d247d7485438c993836febe9b9bcc3e09210e942dca598202feab85f,3746944,17.63998317718506,minilm_trainable_kir_sweep_v1,artifacts/s2c/runs/protocol_v2_textoir_v1/minilm_trainable_kir_sweep_v1/kir_0.50/runs/banking77/seed_87/metrics.json,last2_minilm_plus_projection,mahalanobis_diag,mean_std,known_only_train_and_calibration,protocol_v2_textoir_v1
0.8107142857142857,0.8847468854188911,0.8979318488529016,16f95ab158601c92eec5bf851b65c256457f5f039a9c1c6927952fc548b12762,3fbb27cf4302ac0ad180e18a0c1750612250cf81a9c265dc34a6d1be6f8798c9,banking77,0.8064088330915219,0.8058946619987237,0.8259473346178549,0.17564102564102563,0.1763157894736842,0.4131578947368421,0.8236842105263158,1db85c4da03f1656262e2c4f7b72be7562b7a2ced91c14bd23bfdae460481a1f,0.5,0.8236842105263158,trainable_k1,0.8259473346178549,0.8275418275418276,0.8243589743589743,0.8243589743589743,False,last2_minilm_plus_projection,100,"{'calibration_count': 494, 'calibration_sample_ids_sha256': 'b51176470c3114eb3421db2e1eeea62db319764e160bd6b89fe1e51c7f031170', 'dataset': 'banking77', 'kir': 0.5, 'oos_used_for_training': False, 'overlap_counts': {'calibration_test': 0, 'train_calibration': 0, 'train_test': 0}, 'seed': 100, 'test_count': 3080, 'test_known_count': 1520, 'test_oos_count': 1560, 'test_sample_ids_sha256': '1db85c4da03f1656262e2c4f7b72be7562b7a2ced91c14bd23bfdae460481a1f', 'test_used_for_selection': False, 'train_count': 4445, 'train_sample_ids_sha256': 'fa42de81d53fea1740afabf0f4e66b30c0076041b55982e9fe063aebbc526720'}",minilm_trainable_kir_sweep_extension_v1/kir_0.50,b283f9224c9525cdf5e1dd37630eb80aa774649ba0cf3029cb9f7e9559bea299,False,40b98f931f74daa49cf133da5636663e867bd951e232e5827791bca6275066d4,3746944,16.216049432754517,minilm_trainable_kir_sweep_extension_v1,artifacts/s2c/runs/protocol_v2_textoir_v1/minilm_trainable_kir_sweep_extension_v1/kir_0.50/runs/banking77/seed_100/metrics.json,last2_minilm_plus_projection,mahalanobis_diag,mean_std,known_only_train_and_calibration,protocol_v2_textoir_v1
0.8022727272727272,0.8700534389761899,0.8850476551956815,8981e91d6f3ae4589055d2a2bbd71d12e4384dd97febe5a9d8ea7e2be8ca4885,cb6cbd41d36ce2c3a3556668b016ac62121968b64626d95c79365d1f51c4a14c,banking77,0.8080381054482829,0.8080084423605449,0.809165302782324,0.2076923076923077,0.17039473684210527,0.44013157894736843,0.8296052631578947,04caf050fae3c5aff286c785022103751d7ceff7265436876635fcac4dde0cd6,0.5,0.8296052631578947,trainable_k1,0.809165302782324,0.8267558528428094,0.7923076923076923,0.7923076923076923,False,last2_minilm_plus_projection,123,"{'calibration_count': 482, 'calibration_sample_ids_sha256': '25ac9988e764edd8c82efd3725b74808dccc2b371f1b51f6bba08964fac85e01', 'dataset': 'banking77', 'kir': 0.5, 'oos_used_for_training': False, 'overlap_counts': {'calibration_test': 0, 'train_calibration': 0, 'train_test': 0}, 'seed': 123, 'test_count': 3080, 'test_known_count': 1520, 'test_oos_count': 1560, 'test_sample_ids_sha256': '04caf050fae3c5aff286c785022103751d7ceff7265436876635fcac4dde0cd6', 'test_used_for_selection': False, 'train_count': 4351, 'train_sample_ids_sha256': '02c944c874268924e4aba065107abcbdf6c8a4628139b590572ae436a96474ba'}",minilm_trainable_kir_sweep_extension_v1/kir_0.50,17831cfb72b39205cd38429c4e95a4be24ec5994a05122f62d6fdd171a31b885,False,d19715d5981b988d0428e6bcff71e639bd4ef1825625bfc25ae970c93d42eb5c,3746944,15.460662364959717,minilm_trainable_kir_sweep_extension_v1,artifacts/s2c/runs/protocol_v2_textoir_v1/minilm_trainable_kir_sweep_extension_v1/kir_0.50/runs/banking77/seed_123/metrics.json,last2_minilm_plus_projection,mahalanobis_diag,mean_std,known_only_train_and_calibration,protocol_v2_textoir_v1
0.7824675324675324,0.6486885732336582,0.8678890653357532,cd1ed2afd0962bd9ba60bd0634b5100a984c22cd70e935e13336444fe806137e,c5c0225f3fd1db9c00901269627ad4f7b5e20d48dea4bb3715fb4c8f2639ad14,banking77,0.8297927993746245,0.8327180726829818,0.6601269474899019,0.24736842105263157,0.1728448275862069,0.3931034482758621,0.8271551724137931,6ff6e6b5b55a9ec7bd3c3625df6ea9481649d47a6ce1a312bc90391f4ba631de,0.75,0.8271551724137931,trainable_k1,0.6601269474899019,0.5878725590955807,0.7526315789473684,0.7526315789473684,False,last2_minilm_plus_projection,13,"{'calibration_count': 741, 'calibration_sample_ids_sha256': 'd0a31f5ec70f0a11c9c78cda37415fc9e59277e7dc52a2932e7bf9f080aaf375', 'dataset': 'banking77', 'kir': 0.75, 'oos_used_for_training': False, 'overlap_counts': {'calibration_test': 0, 'train_calibration': 0, 'train_test': 0}, 'seed': 13, 'test_count': 3080, 'test_known_count': 2320, 'test_oos_count': 760, 'test_sample_ids_sha256': '6ff6e6b5b55a9ec7bd3c3625df6ea9481649d47a6ce1a312bc90391f4ba631de', 'test_used_for_selection': False, 'train_count': 6669, 'train_sample_ids_sha256': 'abc8410bbee32c0749d6119ac6995fc55ee5dd1ec7299f340fd9ed260ec1ae91'}",minilm_trainable_kir_sweep_v1/kir_0.75,cd7bf284f8f9290a600f9dfba13ef99011457fdb7d94de33c917136945c6eb89,False,07e05917550fca393ad50e11722488a0efefa3e7c8c64604a9fded0a3da64ee9,3746944,24.789024353027344,minilm_trainable_kir_sweep_v1,artifacts/s2c/runs/protocol_v2_textoir_v1/minilm_trainable_kir_sweep_v1/kir_0.75/runs/banking77/seed_13/metrics.json,last2_minilm_plus_projection,mahalanobis_diag,mean_std,known_only_train_and_calibration,protocol_v2_textoir_v1
0.812012987012987,0.7352194854120246,0.9112760889292197,b91de1a74210a8528b60dfb977c880fa6245bd3b916f4e01a9a3b141d4f876c9,e6382912f38b37b509033c1d61b7d5f733b798d554d8b5d77b98d52432fd3727,banking77,0.8465133935600306,0.8485692671167083,0.7272727272727273,0.13157894736842105,0.17025862068965517,0.3103448275862069,0.8297413793103449,89cad036f09d5138ad2372a4b63c6dfa8d6d4acfd1ca105e648958dd1fa7ea0b,0.75,0.8297413793103449,trainable_k1,0.7272727272727273,0.6255924170616114,0.868421052631579,0.868421052631579,False,last2_minilm_plus_projection,42,"{'calibration_count': 757, 'calibration_sample_ids_sha256': '572c95477986992a34ea13a26ce173fa9942333022ca2a1c276eec81f683a4fd', 'dataset': 'banking77', 'kir': 0.75, 'oos_used_for_training': False, 'overlap_counts': {'calibration_test': 0, 'train_calibration': 0, 'train_test': 0}, 'seed': 42, 'test_count': 3080, 'test_known_count': 2320, 'test_oos_count': 760, 'test_sample_ids_sha256': '89cad036f09d5138ad2372a4b63c6dfa8d6d4acfd1ca105e648958dd1fa7ea0b', 'test_used_for_selection': False, 'train_count': 6837, 'train_sample_ids_sha256': 'd2b7d76a183e30a50aff84121c75fe7b9c599bfda94432533ef61f57d18beb3c'}",minilm_trainable_kir_sweep_v1/kir_0.75,a323bfa8f357fa696381148595c25e4fb9f50f2e7f39bbebdbfe0cadfc832d75,False,7f38760a63b0e712503cf51e498d41930929308a639d089a1abd8d718ead53d1,3746944,24.506030082702637,minilm_trainable_kir_sweep_v1,artifacts/s2c/runs/protocol_v2_textoir_v1/minilm_trainable_kir_sweep_v1/kir_0.75/runs/banking77/seed_42/metrics.json,last2_minilm_plus_projection,mahalanobis_diag,mean_std,known_only_train_and_calibration,protocol_v2_textoir_v1
0.8058441558441558,0.7163102904007737,0.8960509301270417,4193ff34ad400c3193bdb91214cd587bcaabfef8908ea63f6917de8c2c3f570a,8f5369154bd46a7fa4c9dc16455a7b2b3b613bb5084b8c4dc1aeced1d0dcf247,banking77,0.8495955076276699,0.8522015009734945,0.6984478935698448,0.17105263157894737,0.17844827586206896,0.3706896551724138,0.8215517241379311,fb2ca8fe538f5f73b3ddd68c84a6a975c394a4e29cc5c9392d9575add0d02e1b,0.75,0.8215517241379311,trainable_k1,0.6984478935698448,0.603448275862069,0.8289473684210527,0.8289473684210527,False,last2_minilm_plus_projection,87,"{'calibration_count': 762, 'calibration_sample_ids_sha256': '3cf2c0b294b3beeccbedda4992128c17dbbed589fb3524e84df75feadd90f5ce', 'dataset': 'banking77', 'kir': 0.75, 'oos_used_for_training': False, 'overlap_counts': {'calibration_test': 0, 'train_calibration': 0, 'train_test': 0}, 'seed': 87, 'test_count': 3080, 'test_known_count': 2320, 'test_oos_count': 760, 'test_sample_ids_sha256': 'fb2ca8fe538f5f73b3ddd68c84a6a975c394a4e29cc5c9392d9575add0d02e1b', 'test_used_for_selection': False, 'train_count': 6877, 'train_sample_ids_sha256': '49393717f086865cb578078f439375025c415b510b055e1ba0b9e8ed464cc262'}",minilm_trainable_kir_sweep_v1/kir_0.75,22041da9804789a94e556b42bd88a57acc8de225d96eff94ba14e4e82d902df3,False,303679e9a823099741d78028f995a3baf7ffd60d29726f9ab60d37f6dc3f6201,3746944,24.868643760681152,minilm_trainable_kir_sweep_v1,artifacts/s2c/runs/protocol_v2_textoir_v1/minilm_trainable_kir_sweep_v1/kir_0.75/runs/banking77/seed_87/metrics.json,last2_minilm_plus_projection,mahalanobis_diag,mean_std,known_only_train_and_calibration,protocol_v2_textoir_v1
0.7951298701298701,0.7076481398306274,0.8930728221415608,6b00f8f913de5232a1545ecc16d495a761cdd0f74ac341fff2adadfed097cc1d,87a6e7c7c518c5374b5e82550d0fc71878306227ad511ee2847065aa0ff0ae6c,banking77,0.8422789425569616,0.8450741417080618,0.6801573917931422,0.20394736842105263,0.17844827586206896,0.3978448275862069,0.8215517241379311,46533206570f4e1495cf31d7eb88638347dbc9dfdf417c50ed99188985aca663,0.75,0.8215517241379311,trainable_k1,0.6801573917931422,0.5937193326790972,0.7960526315789473,0.7960526315789473,False,last2_minilm_plus_projection,100,"{'calibration_count': 734, 'calibration_sample_ids_sha256': '359590aee7f425d0ac18ddf844a083e7a91d98f64e7157d792ab72c316e89cd7', 'dataset': 'banking77', 'kir': 0.75, 'oos_used_for_training': False, 'overlap_counts': {'calibration_test': 0, 'train_calibration': 0, 'train_test': 0}, 'seed': 100, 'test_count': 3080, 'test_known_count': 2320, 'test_oos_count': 760, 'test_sample_ids_sha256': '46533206570f4e1495cf31d7eb88638347dbc9dfdf417c50ed99188985aca663', 'test_used_for_selection': False, 'train_count': 6618, 'train_sample_ids_sha256': '7eae9b68f15d6b9372f55cf6eaa8b3742c3ddee32cfa2f60334bd53e3340c07a'}",minilm_trainable_kir_sweep_extension_v1/kir_0.75,9905c39f599ebb1fa8b5e768c0a06b0b387b05a4158c9e2c6f03fa05486a0633,False,60debaed816f6f3954412130a2271987b511d09bb3523842f5a71e4bfb4acdc3,3746944,22.732343196868896,minilm_trainable_kir_sweep_extension_v1,artifacts/s2c/runs/protocol_v2_textoir_v1/minilm_trainable_kir_sweep_extension_v1/kir_0.75/runs/banking77/seed_100/metrics.json,last2_minilm_plus_projection,mahalanobis_diag,mean_std,known_only_train_and_calibration,protocol_v2_textoir_v1
0.788961038961039,0.6846870603739995,0.8769169691470055,f2c6b9fb22948465fce4f2ef5b3f0b41df1b43f77929981ff65d70a3368aa196,246cf8c2b82ad6dd6a2c9644b9a5d06c0794a071028d397a58b3da90e07cd4c5,banking77,0.8383752198051533,0.8413357121006444,0.6666666666666666,0.22631578947368422,0.1793103448275862,0.4314655172413793,0.8206896551724138,49e4ec4af7513edaf598ee072d9c5d0f2aaa58dddda4b5544fe3445a8f5faa11,0.75,0.8206896551724138,trainable_k1,0.6666666666666666,0.5856573705179283,0.7736842105263158,0.7736842105263158,False,last2_minilm_plus_projection,123,"{'calibration_count': 742, 'calibration_sample_ids_sha256': 'cb9656535ca9e2f525afe1d8c86c88313dd1c743f9d8cc11dee8943bba7d4ffe', 'dataset': 'banking77', 'kir': 0.75, 'oos_used_for_training': False, 'overlap_counts': {'calibration_test': 0, 'train_calibration': 0, 'train_test': 0}, 'seed': 123, 'test_count': 3080, 'test_known_count': 2320, 'test_oos_count': 760, 'test_sample_ids_sha256': '49e4ec4af7513edaf598ee072d9c5d0f2aaa58dddda4b5544fe3445a8f5faa11', 'test_used_for_selection': False, 'train_count': 6679, 'train_sample_ids_sha256': '44faa2aad803eb9d5fb75c8aa06f03d17fab1d232e1377d84fb78e4e3153bc93'}",minilm_trainable_kir_sweep_extension_v1/kir_0.75,c886f86c016a11b1929143fbd86d926723c7efa020c659704a357fc8026972b0,False,0324645572b4006231c45e04e75ecb63418dfb18f01cf3dee1a3af7834f4e949,3746944,24.11681628227234,minilm_trainable_kir_sweep_extension_v1,artifacts/s2c/runs/protocol_v2_textoir_v1/minilm_trainable_kir_sweep_extension_v1/kir_0.75/runs/banking77/seed_123/metrics.json,last2_minilm_plus_projection,mahalanobis_diag,mean_std,known_only_train_and_calibration,protocol_v2_textoir_v1
0.9229824561403509,0.9897681447868008,0.9641397353031703,43c8af28d5ad473568ee66ede304f413457272ecdb9bb86406c074d303659fd7,1f384f384657b1173f5e368c122662ce772a972c5eb5bbb9578c29623fe4bdf9,clinc150,0.8010298070270482,0.7970355415806978,0.9528118939883645,0.030263157894736843,0.2631578947368421,0.14649122807017545,0.736842105263158,0df4a737cb090c7f62747aef653481cf7c0da51c1c8796d7bbadc7e227e0cfc5,0.25,0.736842105263158,trainable_k1,0.9528118939883645,0.9364675984752223,0.9697368421052631,0.9697368421052631,False,last2_minilm_plus_projection,13,"{'calibration_count': 760, 'calibration_sample_ids_sha256': '64488fc45eae6c299619c64dfdac15454f9fedf6bb784067d02b45238b1044a8', 'dataset': 'clinc150', 'kir': 0.25, 'oos_used_for_training': False, 'overlap_counts': {'calibration_test': 0, 'train_calibration': 0, 'train_test': 0}, 'seed': 13, 'test_count': 5700, 'test_known_count': 1140, 'test_oos_count': 4560, 'test_sample_ids_sha256': '0df4a737cb090c7f62747aef653481cf7c0da51c1c8796d7bbadc7e227e0cfc5', 'test_used_for_selection': False, 'train_count': 3800, 'train_sample_ids_sha256': '6e5401fe1649429cc195230a494aa46ad5dc0e6784f089137d69c4b26d7c98fa'}",minilm_trainable_kir_sweep_v1/kir_0.25,8a5293b45cf217d025f03a9dcb4f19a2a56bf0899f9689a9ad7441454a1afca9,False,4b99bf1f25735695e105e25afcb607b9d5d159c6a96163e397e66f54de47e39c,3746944,17.141008853912354,minilm_trainable_kir_sweep_v1,artifacts/s2c/runs/protocol_v2_textoir_v1/minilm_trainable_kir_sweep_v1/kir_0.25/runs/clinc150/seed_13/metrics.json,last2_minilm_plus_projection,mahalanobis_diag,mean_std,known_only_train_and_calibration,protocol_v2_textoir_v1
0.9150877192982456,0.9808865225779669,0.9437163357956295,ce8a8ac2f2ebab751c7ba3e96b7ce7fb38f24da2cea677957a8b482e71f5e512,30ab08984b2e6ef3b9ce71238f5de3052cc795cae0375eaa4bb2adcdd6f56f46,clinc150,0.7837064085470472,0.7793839612978534,0.9479594040164111,0.03728070175438596,0.2736842105263158,0.2219298245614035,0.7263157894736842,f1a34ed5dd5c885afcbb92060ca5c57f6147d0ee381a5c4ce816e191af627193,0.25,0.7263157894736842,trainable_k1,0.9479594040164111,0.9336452573373033,0.9627192982456141,0.9627192982456141,False,last2_minilm_plus_projection,42,"{'calibration_count': 760, 'calibration_sample_ids_sha256': 'fd8b441540374d3c3523a1efbfccd38844bf274e7df50cf5c4ef91373726a3d2', 'dataset': 'clinc150', 'kir': 0.25, 'oos_used_for_training': False, 'overlap_counts': {'calibration_test': 0, 'train_calibration': 0, 'train_test': 0}, 'seed': 42, 'test_count': 5700, 'test_known_count': 1140, 'test_oos_count': 4560, 'test_sample_ids_sha256': 'f1a34ed5dd5c885afcbb92060ca5c57f6147d0ee381a5c4ce816e191af627193', 'test_used_for_selection': False, 'train_count': 3800, 'train_sample_ids_sha256': '7f627028f6048acff444c6c6ec8aefd08ce8050019b35367620f70873df40d69'}",minilm_trainable_kir_sweep_v1/kir_0.25,72f0a1caf38d77c00400118120dc74216700dda62e3d396e443010ace0c7af26,False,0b820e0f1d3ab5b304bfe7a911b420489f181d345fe8b66b57de35a7229d2a22,3746944,11.416199207305908,minilm_trainable_kir_sweep_v1,artifacts/s2c/runs/protocol_v2_textoir_v1/minilm_trainable_kir_sweep_v1/kir_0.25/runs/clinc150/seed_42/metrics.json,last2_minilm_plus_projection,mahalanobis_diag,mean_std,known_only_train_and_calibration,protocol_v2_textoir_v1
0.9140350877192982,0.985925089762027,0.9516970606340412,82b21e7f67b493635dad50a7d04b701da599d1b2c724f2387fd749c3252d8cb6,1cdb3655d10dc53b706f095fbec131a80bcb3bfd3c405f751a4d23faa98e486d,clinc150,0.7856815672130488,0.781426650006744,0.9473684210526315,0.04078947368421053,0.2631578947368421,0.22807017543859648,0.736842105263158,de15966ca3aba55563eed5127636104a3616bf0dd91a5fa196f4d5291043a5f9,0.25,0.736842105263158,trainable_k1,0.9473684210526315,0.9358151476251605,0.9592105263157895,0.9592105263157895,False,last2_minilm_plus_projection,87,"{'calibration_count': 760, 'calibration_sample_ids_sha256': '946704ea7e2887bcf6fc1dfba2d3d44582961f0d889a1202a76307852a9f7be1', 'dataset': 'clinc150', 'kir': 0.25, 'oos_used_for_training': False, 'overlap_counts': {'calibration_test': 0, 'train_calibration': 0, 'train_test': 0}, 'seed': 87, 'test_count': 5700, 'test_known_count': 1140, 'test_oos_count': 4560, 'test_sample_ids_sha256': 'de15966ca3aba55563eed5127636104a3616bf0dd91a5fa196f4d5291043a5f9', 'test_used_for_selection': False, 'train_count': 3800, 'train_sample_ids_sha256': '8c42d7da07ebefc5ad61da57defd50189763a3a8c80e1428cc836736f8d1b758'}",minilm_trainable_kir_sweep_v1/kir_0.25,4bef0c0c8ff685d439c98e0f9e0c2ab6bfab084bd49acc0fb761646d800fa8f2,False,41021d25a17a7424b74eef27421970d58b8934d6251257032b61343c6ad8c306,3746944,12.352023839950562,minilm_trainable_kir_sweep_v1,artifacts/s2c/runs/protocol_v2_textoir_v1/minilm_trainable_kir_sweep_v1/kir_0.25/runs/clinc150/seed_87/metrics.json,last2_minilm_plus_projection,mahalanobis_diag,mean_std,known_only_train_and_calibration,protocol_v2_textoir_v1
0.9380701754385965,0.992405893833116,0.9754012773160974,8af313572c2a54aecb9f19bc5fa1cc6a3a8ce9f9ce55f114c77d733483b3bbc5,939a12d80fdb705779e5e44666aa770c97d98cd553156268907e3b910c0cb58f,clinc150,0.8293119919847214,0.8258061289020987,0.9625347891243845,0.014035087719298246,0.25087719298245614,0.10526315789473684,0.7491228070175439,35aa4146da8f784406cb79eb4180b3f1252e277eab667b4f677695f619563153,0.25,0.7491228070175439,trainable_k1,0.9625347891243845,0.9401923881221247,0.9859649122807017,0.9859649122807017,False,last2_minilm_plus_projection,100,"{'calibration_count': 760, 'calibration_sample_ids_sha256': '804650afb50fa210639621ff8d043e7b35feda55179bd609f7f4d932af9526a2', 'dataset': 'clinc150', 'kir': 0.25, 'oos_used_for_training': False, 'overlap_counts': {'calibration_test': 0, 'train_calibration': 0, 'train_test': 0}, 'seed': 100, 'test_count': 5700, 'test_known_count': 1140, 'test_oos_count': 4560, 'test_sample_ids_sha256': '35aa4146da8f784406cb79eb4180b3f1252e277eab667b4f677695f619563153', 'test_used_for_selection': False, 'train_count': 3800, 'train_sample_ids_sha256': 'b10e75b987bb18463221c716e4a5787dfb65962e7a1eb8e0cbeeb2cd79ad9cd8'}",minilm_trainable_kir_sweep_extension_v1/kir_0.25,1d7679ea5ee342f7196338d033e47759e2b43d3c51b6abfafe7d6bcf7bc0555a,False,0c14f35a8b488272ea1a950dd3e4ba279c71e89556d001c8e2c90ade998f2f1e,3746944,28.26775336265564,minilm_trainable_kir_sweep_extension_v1,artifacts/s2c/runs/protocol_v2_textoir_v1/minilm_trainable_kir_sweep_extension_v1/kir_0.25/runs/clinc150/seed_100/metrics.json,last2_minilm_plus_projection,mahalanobis_diag,mean_std,known_only_train_and_calibration,protocol_v2_textoir_v1
0.9140350877192982,0.9891291381746725,0.9593136349646045,59385aae81e3d662ac0489fae72f2de1d0da203220f28b18f21c99d08f77e292,fd4d6b1e3e0dfe93141bc375638a690eac504c53c7cea8bedfe4cad4d8a54312,clinc150,0.7847672034972499,0.7804837296318093,0.9475392103839914,0.039473684210526314,0.2675438596491228,0.22807017543859648,0.7324561403508771,a43504b12b861528365a6828605bd6e7b855c87d72fa9983816e385862caaa85,0.25,0.7324561403508771,trainable_k1,0.9475392103839914,0.9348986125933831,0.9605263157894737,0.9605263157894737,False,last2_minilm_plus_projection,123,"{'calibration_count': 760, 'calibration_sample_ids_sha256': '42a07f766c7500b7ef53d22302b0a6f89dd3b20e0a03ef9a43bfd360fc82e8e7', 'dataset': 'clinc150', 'kir': 0.25, 'oos_used_for_training': False, 'overlap_counts': {'calibration_test': 0, 'train_calibration': 0, 'train_test': 0}, 'seed': 123, 'test_count': 5700, 'test_known_count': 1140, 'test_oos_count': 4560, 'test_sample_ids_sha256': 'a43504b12b861528365a6828605bd6e7b855c87d72fa9983816e385862caaa85', 'test_used_for_selection': False, 'train_count': 3800, 'train_sample_ids_sha256': 'bd330da5debd3d0536125d6f83fd25249591b244850c3276349b8a7b0e8481ac'}",minilm_trainable_kir_sweep_extension_v1/kir_0.25,43965a4b967c26fc8f77b004be67d6fe68f6f9ff7c82781c1c1959e67dac0011,False,db3fc1b3a52518867e6eecc12ad679b3dcaf628c14e341e742f7c48cff666cf4,3746944,11.56428575515747,minilm_trainable_kir_sweep_extension_v1,artifacts/s2c/runs/protocol_v2_textoir_v1/minilm_trainable_kir_sweep_extension_v1/kir_0.25/runs/clinc150/seed_123/metrics.json,last2_minilm_plus_projection,mahalanobis_diag,mean_std,known_only_train_and_calibration,protocol_v2_textoir_v1
0.878421052631579,0.969613073854642,0.9580215136876005,c2ad0b2270e500d539a610b6b50a3c852110f9e4b4d8b27bb43c23c152fc1611,b8cd685427b2902aa3f0a22552a4d51e804f8de5785c6ad12bc1916c12423de7,clinc150,0.8261993158424226,0.8251207671930192,0.9070904645476773,0.03217391304347826,0.25466666666666665,0.18133333333333335,0.7453333333333334,3d57fe28640cb4c4ced43a08544ba53acd8ae99bc6f60bdf58db6d763fbeb05e,0.5,0.7453333333333334,trainable_k1,0.9070904645476773,0.8535276073619632,0.9678260869565217,0.9678260869565217,False,last2_minilm_plus_projection,13,"{'calibration_count': 1500, 'calibration_sample_ids_sha256': '0a82f6590b94d8e365a518d6a3135c8f52f4ff4b89511eb131117204523f8c40', 'dataset': 'clinc150', 'kir': 0.5, 'oos_used_for_training': False, 'overlap_counts': {'calibration_test': 0, 'train_calibration': 0, 'train_test': 0}, 'seed': 13, 'test_count': 5700, 'test_known_count': 2250, 'test_oos_count': 3450, 'test_sample_ids_sha256': '3d57fe28640cb4c4ced43a08544ba53acd8ae99bc6f60bdf58db6d763fbeb05e', 'test_used_for_selection': False, 'train_count': 7500, 'train_sample_ids_sha256': '40dc5dc0f817d7a8c1a7179d287ef154064731ff498b408a424012d78b43a6b4'}",minilm_trainable_kir_sweep_v1/kir_0.50,4b9b08e85006b5128550c67cd7a5bf5f94dfb12b0f0118469ad9a750e6e5d39e,False,7e8cce2c2007eefec59d923e00b18e9f9300237746835e1395b1ad0e82ad0f48,3746944,23.036463499069214,minilm_trainable_kir_sweep_v1,artifacts/s2c/runs/protocol_v2_textoir_v1/minilm_trainable_kir_sweep_v1/kir_0.50/runs/clinc150/seed_13/metrics.json,last2_minilm_plus_projection,mahalanobis_diag,mean_std,known_only_train_and_calibration,protocol_v2_textoir_v1
0.8642105263157894,0.9595486046293606,0.9461893719806764,b550e90c17f410f8e4fc40d5bbd11a483914b5467127d0876a42d875caeb2c96,b62af6a2e5f4af2b636643f5746fc60311c9b8df15a1b12ce779142e635a0a09,clinc150,0.8075141354234163,0.8063190545791508,0.8971451987433411,0.04811594202898551,0.2608888888888889,0.25555555555555554,0.739111111111111,b0ada1a699899dbb8f4eab14d5c6550707963bcdb5949651834205b495428292,0.5,0.739111111111111,trainable_k1,0.8971451987433411,0.8483595970033583,0.9518840579710145,0.9518840579710145,False,last2_minilm_plus_projection,42,"{'calibration_count': 1500, 'calibration_sample_ids_sha256': '539c5ca5380a36d4f77a634f5a45dbf28a2ad33d679f9a85d5b7a928a5fb8a00', 'dataset': 'clinc150', 'kir': 0.5, 'oos_used_for_training': False, 'overlap_counts': {'calibration_test': 0, 'train_calibration': 0, 'train_test': 0}, 'seed': 42, 'test_count': 5700, 'test_known_count': 2250, 'test_oos_count': 3450, 'test_sample_ids_sha256': 'b0ada1a699899dbb8f4eab14d5c6550707963bcdb5949651834205b495428292', 'test_used_for_selection': False, 'train_count': 7500, 'train_sample_ids_sha256': 'e8248b161f6a8e8dce1e5d34e7fc7d2ee3eaa0f59fb231c0b7080bcdef21e0e8'}",minilm_trainable_kir_sweep_v1/kir_0.50,0f5448183d9b259f678ec8c8bb3b774cf8f992aa524f13c1e2d2d055d418ec7c,False,d6c20596b5707dc5a33ce34c033cf62cb2b662825ffd30c383e9c04e44898a53,3746944,22.18031597137451,minilm_trainable_kir_sweep_v1,artifacts/s2c/runs/protocol_v2_textoir_v1/minilm_trainable_kir_sweep_v1/kir_0.50/runs/clinc150/seed_42/metrics.json,last2_minilm_plus_projection,mahalanobis_diag,mean_std,known_only_train_and_calibration,protocol_v2_textoir_v1
0.8792982456140351,0.9565369353120585,0.9497262479871176,5632572c1bd531c8704255d64f40e72f7e4c9c12e8cea97ed155a73579b5b35e,ff2e12e6d871f7470896a7693f7132e1a4574644358cbbcff2ee0a4a05772b00,clinc150,0.8234017136184874,0.8222647753104556,0.9086720867208672,0.028115942028985506,0.2564444444444444,0.17422222222222222,0.7435555555555555,47c810f687c018b342bf95e1cd6bfe24a1b91a088db1085d05dd8d1ce960b7a8,0.5,0.7435555555555555,trainable_k1,0.9086720867208672,0.8531806615776082,0.9718840579710145,0.9718840579710145,False,last2_minilm_plus_projection,87,"{'calibration_count': 1500, 'calibration_sample_ids_sha256': '19a2791903e30d022cbc4263c69547ecc6cde2c94eaa81b7f0bb279ddbd27a7e', 'dataset': 'clinc150', 'kir': 0.5, 'oos_used_for_training': False, 'overlap_counts': {'calibration_test': 0, 'train_calibration': 0, 'train_test': 0}, 'seed': 87, 'test_count': 5700, 'test_known_count': 2250, 'test_oos_count': 3450, 'test_sample_ids_sha256': '47c810f687c018b342bf95e1cd6bfe24a1b91a088db1085d05dd8d1ce960b7a8', 'test_used_for_selection': False, 'train_count': 7500, 'train_sample_ids_sha256': '1d7e70db190f5246905f7ec9eddc37502b4c34592379f79a1b72f479bd6f0475'}",minilm_trainable_kir_sweep_v1/kir_0.50,d0ddaa713f1323d3145b2eb461956ffddd9104a06278e223f641b2ea6f6d3641,False,88add4f6a8efd2a51b99527a0c875758c8bd5054897e3ec222f9eed7aa98e697,3746944,22.459213256835938,minilm_trainable_kir_sweep_v1,artifacts/s2c/runs/protocol_v2_textoir_v1/minilm_trainable_kir_sweep_v1/kir_0.50/runs/clinc150/seed_87/metrics.json,last2_minilm_plus_projection,mahalanobis_diag,mean_std,known_only_train_and_calibration,protocol_v2_textoir_v1
0.8757894736842106,0.9727051957009589,0.959203607085346,72cc757ffe7fe92736dc6a08549c6bd3a2252d887a821b18587b2048dcda9e3e,9ae3d314670123792b14e5f2b940d9714ecb343c75dbdcfc1b91a3e8e72d1df8,clinc150,0.8249194600480021,0.8238497026169713,0.9051512673753066,0.03739130434782609,0.252,0.18755555555555556,0.748,e63a6967dd9733009422bfe7d1dec9b918c39abf1b37fb5badd6415a3461db4a,0.5,0.748,trainable_k1,0.9051512673753066,0.8541666666666666,0.9626086956521739,0.9626086956521739,False,last2_minilm_plus_projection,100,"{'calibration_count': 1500, 'calibration_sample_ids_sha256': '7f650640d61cd2070b49770f2872367d62369b9f2881bd55373afb57cb32b07c', 'dataset': 'clinc150', 'kir': 0.5, 'oos_used_for_training': False, 'overlap_counts': {'calibration_test': 0, 'train_calibration': 0, 'train_test': 0}, 'seed': 100, 'test_count': 5700, 'test_known_count': 2250, 'test_oos_count': 3450, 'test_sample_ids_sha256': 'e63a6967dd9733009422bfe7d1dec9b918c39abf1b37fb5badd6415a3461db4a', 'test_used_for_selection': False, 'train_count': 7500, 'train_sample_ids_sha256': '6083c7e17d3451c0b8c03193147cf6d6e170664424b79832f602ec4f543bafce'}",minilm_trainable_kir_sweep_extension_v1/kir_0.50,938c776eb756ff2fc82432e336f6a7b38588643b0ddcf9219663594eed728e61,False,2fa8f8a800bc3ef5bda3b993ea697e4acfc3335864501e8a384d980be8559455,3746944,22.4428768157959,minilm_trainable_kir_sweep_extension_v1,artifacts/s2c/runs/protocol_v2_textoir_v1/minilm_trainable_kir_sweep_extension_v1/kir_0.50/runs/clinc150/seed_100/metrics.json,last2_minilm_plus_projection,mahalanobis_diag,mean_std,known_only_train_and_calibration,protocol_v2_textoir_v1
0.8692982456140351,0.9661621473228265,0.9531961352657006,2307f5fb8d12c2a5292967239fbac6f97d895680b0c07cc9c04d051658ca1ef3,6dcf7d54b65f9b238f41b07319d0bf2ea33f0538cd673b007dc63d831dd48ef4,clinc150,0.8087962224646499,0.8075280163572003,0.9039116805233747,0.03884057971014493,0.25377777777777777,0.21333333333333335,0.7462222222222222,2ebaec84e475d669f7837412dc86dbdc4c74e3f388a91ffffb248f1807ba695f,0.5,0.7462222222222222,trainable_k1,0.9039116805233747,0.8531000771803448,0.9611594202898551,0.9611594202898551,False,last2_minilm_plus_projection,123,"{'calibration_count': 1500, 'calibration_sample_ids_sha256': 'bf7e1dfed86656ca1128c51ca882787dbc2dce10349b6e5e6725c0a97ce94311', 'dataset': 'clinc150', 'kir': 0.5, 'oos_used_for_training': False, 'overlap_counts': {'calibration_test': 0, 'train_calibration': 0, 'train_test': 0}, 'seed': 123, 'test_count': 5700, 'test_known_count': 2250, 'test_oos_count': 3450, 'test_sample_ids_sha256': '2ebaec84e475d669f7837412dc86dbdc4c74e3f388a91ffffb248f1807ba695f', 'test_used_for_selection': False, 'train_count': 7500, 'train_sample_ids_sha256': '262b0bde662c7d107a0b8f41d1c350bac891c6b60527975e353247558f17bb47'}",minilm_trainable_kir_sweep_extension_v1/kir_0.50,aff6d91cdb699c175ae9e4a098e555150e35200f1d24b7aedd626480aae43e27,False,7fc1111835db48d7f9e70aa8997517fc678f891ee1867f16a2b4120141da0039,3746944,22.96462106704712,minilm_trainable_kir_sweep_extension_v1,artifacts/s2c/runs/protocol_v2_textoir_v1/minilm_trainable_kir_sweep_extension_v1/kir_0.50/runs/clinc150/seed_123/metrics.json,last2_minilm_plus_projection,mahalanobis_diag,mean_std,known_only_train_and_calibration,protocol_v2_textoir_v1
0.8228070175438597,0.9211589379942506,0.9450418447293447,7dde823d9acec46863302ba28e05e96ab7cb74bd1ba562e3ca7b91440c9dad7a,dab8097b069ea88fef35eca3e7bdc0921681d18de6a21d33a6b75a8406ef938a,clinc150,0.8206112737544194,0.820589866827606,0.8230088495575221,0.046153846153846156,0.25357142857142856,0.23541666666666666,0.7464285714285714,7741297790f04e44ac1cf582b5d96ba4a898410582111a3557e713263c0c95ed,0.75,0.7464285714285714,trainable_k1,0.8230088495575221,0.7237354085603113,0.9538461538461539,0.9538461538461539,False,last2_minilm_plus_projection,13,"{'calibration_count': 2240, 'calibration_sample_ids_sha256': '0497652ef76fc306dfadff2ca6136d12ba9af42e7eb0a3309ddc699468eaa972', 'dataset': 'clinc150', 'kir': 0.75, 'oos_used_for_training': False, 'overlap_counts': {'calibration_test': 0, 'train_calibration': 0, 'train_test': 0}, 'seed': 13, 'test_count': 5700, 'test_known_count': 3360, 'test_oos_count': 2340, 'test_sample_ids_sha256': '7741297790f04e44ac1cf582b5d96ba4a898410582111a3557e713263c0c95ed', 'test_used_for_selection': False, 'train_count': 11200, 'train_sample_ids_sha256': '6d1a369e285979a4bc91d9b0f15f453de8f951114f09a9253e91e175cdcdbd4c'}",minilm_trainable_kir_sweep_v1/kir_0.75,fd7109626b747a27990d055c6839518ade58924a6fa0d0d67e92c39404d45b22,False,b1790f35b35bc7dadbdd45af8804f9ceea0a2be8312c11f5198f52823d049012,3746944,34.7118399143219,minilm_trainable_kir_sweep_v1,artifacts/s2c/runs/protocol_v2_textoir_v1/minilm_trainable_kir_sweep_v1/kir_0.75/runs/clinc150/seed_13/metrics.json,last2_minilm_plus_projection,mahalanobis_diag,mean_std,known_only_train_and_calibration,protocol_v2_textoir_v1
0.8259649122807018,0.9308015936582519,0.9525565984940986,e911a94bbb5a2e891f4c83252d1cd6f053506578482494f3c3386c0ce4ab4e00,a951505d0d0449a98fdb9d97ca6b0058a22cc286306038f32f7dba78786e3608,clinc150,0.824382257045602,0.8243933333912352,0.823141706334676,0.039316239316239315,0.26011904761904764,0.22589285714285715,0.7398809523809524,3df49aa1eb5465c3117efdb14c7f5f5aab0ee019140637b33bab946a701e8195,0.75,0.7398809523809524,trainable_k1,0.823141706334676,0.7200512491992312,0.9606837606837607,0.9606837606837607,False,last2_minilm_plus_projection,42,"{'calibration_count': 2240, 'calibration_sample_ids_sha256': '8479a1a4cece46d49158595102f57f91471836f7697f9dad7eb5d16582216f26', 'dataset': 'clinc150', 'kir': 0.75, 'oos_used_for_training': False, 'overlap_counts': {'calibration_test': 0, 'train_calibration': 0, 'train_test': 0}, 'seed': 42, 'test_count': 5700, 'test_known_count': 3360, 'test_oos_count': 2340, 'test_sample_ids_sha256': '3df49aa1eb5465c3117efdb14c7f5f5aab0ee019140637b33bab946a701e8195', 'test_used_for_selection': False, 'train_count': 11200, 'train_sample_ids_sha256': 'b511b2ec34b03acefdc1a7403d8bc7f22b398aaafa6846fe4d1408e23b72c0eb'}",minilm_trainable_kir_sweep_v1/kir_0.75,e7152839075e894e4093d859bcbfd6b3916841246366f0bf9288fe13d8b030e5,False,6c2909d4b342cb625f83c09cfaf99f82bc86030780b8d5729c9a09ffe2b27506,3746944,33.94681692123413,minilm_trainable_kir_sweep_v1,artifacts/s2c/runs/protocol_v2_textoir_v1/minilm_trainable_kir_sweep_v1/kir_0.75/runs/clinc150/seed_42/metrics.json,last2_minilm_plus_projection,mahalanobis_diag,mean_std,known_only_train_and_calibration,protocol_v2_textoir_v1
0.8312280701754386,0.9096249572475938,0.9461285358160358,d66b8be404c80e15b8eef0d281f1a236e01c45809e1eb7781f40cc860a9449dd,58782413e44db5d7751a46612c97061145cf62b33dfabfdd8a20a3b298299ee0,clinc150,0.827797940585045,0.8277759124141166,0.8302650957290133,0.03632478632478633,0.24910714285714286,0.18720238095238095,0.7508928571428571,6f56ec7f0be33504f483867cb407f47be88db6d9e1ef6198600d3fcd20781dda,0.75,0.7508928571428571,trainable_k1,0.8302650957290133,0.7293014230271668,0.9636752136752137,0.9636752136752137,False,last2_minilm_plus_projection,87,"{'calibration_count': 2240, 'calibration_sample_ids_sha256': '073d1c9333fb65feaaf69b074fe20a408410d8ea881ffbc01cd8069a25c3c5bb', 'dataset': 'clinc150', 'kir': 0.75, 'oos_used_for_training': False, 'overlap_counts': {'calibration_test': 0, 'train_calibration': 0, 'train_test': 0}, 'seed': 87, 'test_count': 5700, 'test_known_count': 3360, 'test_oos_count': 2340, 'test_sample_ids_sha256': '6f56ec7f0be33504f483867cb407f47be88db6d9e1ef6198600d3fcd20781dda', 'test_used_for_selection': False, 'train_count': 11200, 'train_sample_ids_sha256': '5fb564f8fb0e6f84aaeacb2f210d0a79c1195c3c31b8df45663fb32b88d118b4'}",minilm_trainable_kir_sweep_v1/kir_0.75,6c9a3b21edd06fa1f9aec99a11aef42d046f6bed122adb5451f6c7f9e3a2243d,False,4889b0507a5c8b0a6f0b86459ee985dd90ebb785c431da0bfa5757f867b04b21,3746944,34.35529661178589,minilm_trainable_kir_sweep_v1,artifacts/s2c/runs/protocol_v2_textoir_v1/minilm_trainable_kir_sweep_v1/kir_0.75/runs/clinc150/seed_87/metrics.json,last2_minilm_plus_projection,mahalanobis_diag,mean_std,known_only_train_and_calibration,protocol_v2_textoir_v1
0.8385964912280702,0.9349668659863393,0.9543171296296297,d63674c55db12e5c65d2af17434e9ef636a0b885a940823f83b9fe32e4d82d5f,a17b88c75f93eea36f48c83e73f5737d89c64798ed9b97500d8b259690d01f54,clinc150,0.840427967758085,0.8404915892545313,0.8333023601561048,0.04188034188034188,0.23779761904761904,0.20208333333333334,0.762202380952381,9abcb3b52966871b8ac470800fdc2d2927540f64970affdafd8df53f34f983d8,0.75,0.762202380952381,trainable_k1,0.8333023601561048,0.7372574810917462,0.9581196581196582,0.9581196581196582,False,last2_minilm_plus_projection,100,"{'calibration_count': 2240, 'calibration_sample_ids_sha256': 'a8063741f33313bf9fa53c28d9b062bdc99055da1e17ce1e21c31e9c7d220217', 'dataset': 'clinc150', 'kir': 0.75, 'oos_used_for_training': False, 'overlap_counts': {'calibration_test': 0, 'train_calibration': 0, 'train_test': 0}, 'seed': 100, 'test_count': 5700, 'test_known_count': 3360, 'test_oos_count': 2340, 'test_sample_ids_sha256': '9abcb3b52966871b8ac470800fdc2d2927540f64970affdafd8df53f34f983d8', 'test_used_for_selection': False, 'train_count': 11200, 'train_sample_ids_sha256': '3a932038cf3e7bba6acbfc4c73ea74a5c0970c388ab7bf0bfcdf96713c2553a9'}",minilm_trainable_kir_sweep_extension_v1/kir_0.75,d9cbdb117d2ee8adbc277d7198ad65de65bacaa8c73688f451ea5f8c868d0b58,False,e780fc5c8609f409cbe698e9c64f5cb9cf1ac7ff98622b7686e33ff80883f102,3746944,33.82280898094177,minilm_trainable_kir_sweep_extension_v1,artifacts/s2c/runs/protocol_v2_textoir_v1/minilm_trainable_kir_sweep_extension_v1/kir_0.75/runs/clinc150/seed_100/metrics.json,last2_minilm_plus_projection,mahalanobis_diag,mean_std,known_only_train_and_calibration,protocol_v2_textoir_v1
0.8343859649122807,0.9255911521635527,0.9521731277981278,edea51cfa6f6c299260494762f01ee8fac230d74b007a1581d27060e23da5a89,e279f981442d8354b1ea1e75e0c296e8abdc4deec3a0bac8c4b10ebee6fc359f,clinc150,0.8324034603041841,0.8324003831130555,0.8327481057105895,0.03717948717948718,0.24345238095238095,0.21726190476190477,0.756547619047619,e9f1c577cab2b099b6b13940846bd773e43c84e9d92180b35523c6de2aa55d79,0.75,0.756547619047619,trainable_k1,0.8327481057105895,0.7336372517095409,0.9628205128205128,0.9628205128205128,False,last2_minilm_plus_projection,123,"{'calibration_count': 2240, 'calibration_sample_ids_sha256': 'd4a210f4984e783b330cd1bac36956f43011f25ba5c0bca862aed1b4f08d044c', 'dataset': 'clinc150', 'kir': 0.75, 'oos_used_for_training': False, 'overlap_counts': {'calibration_test': 0, 'train_calibration': 0, 'train_test': 0}, 'seed': 123, 'test_count': 5700, 'test_known_count': 3360, 'test_oos_count': 2340, 'test_sample_ids_sha256': 'e9f1c577cab2b099b6b13940846bd773e43c84e9d92180b35523c6de2aa55d79', 'test_used_for_selection': False, 'train_count': 11200, 'train_sample_ids_sha256': '7dd82fefd0ded4aaefd6ea0b3e376887874eae9f201b3ee9523f0d01fec4e1dd'}",minilm_trainable_kir_sweep_extension_v1/kir_0.75,b82210bc25859b483500df10ff74245aa9b2d9f3be5c08c0b681e1db45cd6933,False,8cff4fc788a47f048b34c41ee58cdded8e5222d902081d78b8a28ba6c506bb6c,3746944,34.099244832992554,minilm_trainable_kir_sweep_extension_v1,artifacts/s2c/runs/protocol_v2_textoir_v1/minilm_trainable_kir_sweep_extension_v1/kir_0.75/runs/clinc150/seed_123/metrics.json,last2_minilm_plus_projection,mahalanobis_diag,mean_std,known_only_train_and_calibration,protocol_v2_textoir_v1
0.9015,0.9625178109218019,0.9283866666666668,0ed42eb3f69b85dc148ad0d21774724e6159e8c109547eb0b0c27124cacb68a6,dccac3b26ff92de31595169d8aa1b166695ace29aecddaa73e754736b6a4bac3,stackoverflow,0.8376694373285117,0.8182316912030043,0.9348581679560489,0.07355555555555555,0.16666666666666666,0.19666666666666666,0.8333333333333334,8122f7786ed1a216932c2f9400394854d245fd41cffbaa9b102e9f62e05327d8,0.25,0.8333333333333334,trainable_k1,0.9348581679560489,0.9434261145055443,0.9264444444444444,0.9264444444444444,False,last2_minilm_plus_projection,13,"{'calibration_count': 500, 'calibration_sample_ids_sha256': '7c7187881a775d35bd5d1ebb169f38d6490a5a12962644b405fa3f21b48dffd2', 'dataset': 'stackoverflow', 'kir': 0.25, 'oos_used_for_training': False, 'overlap_counts': {'calibration_test': 0, 'train_calibration': 0, 'train_test': 0}, 'seed': 13, 'test_count': 6000, 'test_known_count': 1500, 'test_oos_count': 4500, 'test_sample_ids_sha256': '8122f7786ed1a216932c2f9400394854d245fd41cffbaa9b102e9f62e05327d8', 'test_used_for_selection': False, 'train_count': 3000, 'train_sample_ids_sha256': 'e9898553da4f74b0cbffc05d94b14bc349e6bdf0dff2dcebb5c12f6d5d9470fe'}",minilm_trainable_kir_sweep_v1/kir_0.25,4cde564b3cacdfa4ee443ba92cacfdaf2bce1cbeb7d220de7e9225fd47d70b4f,False,bcb8a246bb355e687548936fbd216256281c6633f3562ffcab4944b3c4e84ac9,198016,7.909253835678101,minilm_trainable_kir_sweep_v1,artifacts/s2c/runs/protocol_v2_textoir_v1/minilm_trainable_kir_sweep_v1/kir_0.25/runs/stackoverflow/seed_13/metrics.json,last2_minilm_plus_projection,mahalanobis_diag,mean_std,known_only_train_and_calibration,protocol_v2_textoir_v1
0.9298333333333333,0.9790898154769205,0.9535537777777778,581b82d265595c85a01978057a4455c3841889bd39cf765537cb659b1bc27b12,eff0ea5e44c13a7f3b96564aa0e859d5019aec2405ac4cac8ab01d17dda6cd6f,stackoverflow,0.8737185899712864,0.857538160896978,0.9546207353428288,0.03933333333333333,0.156,0.14066666666666666,0.844,317fb36870d1c247d014ffb0e96d620db1cc8ef5b01d7e0afbd0495a253e1cff,0.25,0.844,trainable_k1,0.9546207353428288,0.9486504279131007,0.9606666666666667,0.9606666666666667,False,last2_minilm_plus_projection,42,"{'calibration_count': 500, 'calibration_sample_ids_sha256': '68572f36d22c5563983bc385c709d56c097e784d036319549112dcd992ef9c62', 'dataset': 'stackoverflow', 'kir': 0.25, 'oos_used_for_training': False, 'overlap_counts': {'calibration_test': 0, 'train_calibration': 0, 'train_test': 0}, 'seed': 42, 'test_count': 6000, 'test_known_count': 1500, 'test_oos_count': 4500, 'test_sample_ids_sha256': '317fb36870d1c247d014ffb0e96d620db1cc8ef5b01d7e0afbd0495a253e1cff', 'test_used_for_selection': False, 'train_count': 3000, 'train_sample_ids_sha256': '3de3ead5b2d9d37fffa99fc121bec3b18bdd658d3cb1b20d6e550a174d00bc81'}",minilm_trainable_kir_sweep_v1/kir_0.25,e6f0582fdc6801d2f228fc8e1ecf4b33c43df5cf7ee14f3f6013505659960aa8,False,126ce50dfd1e3047efb1ddc0ad6b823dfe3c6f0f32bce43644fd916a2036c758,3746944,10.694949388504028,minilm_trainable_kir_sweep_v1,artifacts/s2c/runs/protocol_v2_textoir_v1/minilm_trainable_kir_sweep_v1/kir_0.25/runs/stackoverflow/seed_42/metrics.json,last2_minilm_plus_projection,mahalanobis_diag,mean_std,known_only_train_and_calibration,protocol_v2_textoir_v1
0.9398333333333333,0.983611668321172,0.963934962962963,ea887952bd461529f30a8c0db554323e29bcf6a2745529388d8ed6c4cca1b4fd,8194bd3cd7c24c84e37560e4f0f30ebd8a70e45fe5fe23ee6f648341fd44d11f,stackoverflow,0.886162434075719,0.8710137594022251,0.9619058074431881,0.026444444444444444,0.152,0.12133333333333333,0.848,4c1daf514fd0d2a7441db6c037f7938d5ce823e0efcd750d08e89d18188cec69,0.25,0.848,trainable_k1,0.9619058074431881,0.9505315686699934,0.9735555555555555,0.9735555555555555,False,last2_minilm_plus_projection,87,"{'calibration_count': 500, 'calibration_sample_ids_sha256': '4751c242853a195e085c6c63f993a55fa6c08e9f4e96513955c5fb63ed7fe0a7', 'dataset': 'stackoverflow', 'kir': 0.25, 'oos_used_for_training': False, 'overlap_counts': {'calibration_test': 0, 'train_calibration': 0, 'train_test': 0}, 'seed': 87, 'test_count': 6000, 'test_known_count': 1500, 'test_oos_count': 4500, 'test_sample_ids_sha256': '4c1daf514fd0d2a7441db6c037f7938d5ce823e0efcd750d08e89d18188cec69', 'test_used_for_selection': False, 'train_count': 3000, 'train_sample_ids_sha256': '0e987f7c93ce5efc6cb45fe223e175802dfad3a25731fadf270c1acda819b6aa'}",minilm_trainable_kir_sweep_v1/kir_0.25,1373a3f4f33c3add2d6808469312c7c8bd0f53acef8c269ae72425fd009cc697,False,e47bf43a1997873aeec20921abffd94e028ba77926d606b8807cc514da321f93,3746944,9.894963026046753,minilm_trainable_kir_sweep_v1,artifacts/s2c/runs/protocol_v2_textoir_v1/minilm_trainable_kir_sweep_v1/kir_0.25/runs/stackoverflow/seed_87/metrics.json,last2_minilm_plus_projection,mahalanobis_diag,mean_std,known_only_train_and_calibration,protocol_v2_textoir_v1
0.9478333333333333,0.9856112004540502,0.9700856296296297,8ec3cb90f00623473c190f8cf1a754e5d62d1ace990fd6b744b50e9573123b41,5fcae9ed09369966fdcff8b1582d707e8612c580bfb0042c73fa7493d93db0e3,stackoverflow,0.9008138022892632,0.8876862119657805,0.9664517539066768,0.017333333333333333,0.15266666666666667,0.096,0.8473333333333333,28570bb05d0fe5197c6a86d199c30ff175bd85d125020a2f6cefc4a39eba138b,0.25,0.8473333333333333,trainable_k1,0.9664517539066768,0.950763276714685,0.9826666666666667,0.9826666666666667,False,last2_minilm_plus_projection,100,"{'calibration_count': 500, 'calibration_sample_ids_sha256': '292e940cf39083d515129bff025418ebc9e94fe6e1937075febbfe99bf9d453f', 'dataset': 'stackoverflow', 'kir': 0.25, 'oos_used_for_training': False, 'overlap_counts': {'calibration_test': 0, 'train_calibration': 0, 'train_test': 0}, 'seed': 100, 'test_count': 6000, 'test_known_count': 1500, 'test_oos_count': 4500, 'test_sample_ids_sha256': '28570bb05d0fe5197c6a86d199c30ff175bd85d125020a2f6cefc4a39eba138b', 'test_used_for_selection': False, 'train_count': 3000, 'train_sample_ids_sha256': 'b79967eb25889abbad11410998812ead2f59432296e17a40749f0d1312f2cab1'}",minilm_trainable_kir_sweep_extension_v1/kir_0.25,ab839155c348c22cd6c0002d502368451e1e282378dd356dd733dc5a106400ee,False,4b8986318d01c36cd8c5508b268eb117fdb42fa2bc7d25b8818f9f98a55ecf30,3746944,9.447281837463379,minilm_trainable_kir_sweep_extension_v1,artifacts/s2c/runs/protocol_v2_textoir_v1/minilm_trainable_kir_sweep_extension_v1/kir_0.25/runs/stackoverflow/seed_100/metrics.json,last2_minilm_plus_projection,mahalanobis_diag,mean_std,known_only_train_and_calibration,protocol_v2_textoir_v1
0.9333333333333333,0.9756586320026046,0.9488235555555556,2b3e9977129d501329a505fd40f355bcbf37d7127065ab2fd4b29fc8219fda35,911f2da3c0e8473812ae2def09370c89015cb6cf0e9abfd821446c60c6433145,stackoverflow,0.8834991622766871,0.8689693781608477,0.9561480828558836,0.035777777777777776,0.158,0.144,0.842,2cd98709ec208302b540be0e5bdf051abbf7d9f4c3d1e914ace28d5a1bacfb34,0.25,0.842,trainable_k1,0.9561480828558836,0.948208041958042,0.9642222222222222,0.9642222222222222,False,last2_minilm_plus_projection,123,"{'calibration_count': 500, 'calibration_sample_ids_sha256': '59577951561e12b5495e280df99e5f0e60d1f29ee206dc1f778922475a0a71f5', 'dataset': 'stackoverflow', 'kir': 0.25, 'oos_used_for_training': False, 'overlap_counts': {'calibration_test': 0, 'train_calibration': 0, 'train_test': 0}, 'seed': 123, 'test_count': 6000, 'test_known_count': 1500, 'test_oos_count': 4500, 'test_sample_ids_sha256': '2cd98709ec208302b540be0e5bdf051abbf7d9f4c3d1e914ace28d5a1bacfb34', 'test_used_for_selection': False, 'train_count': 3000, 'train_sample_ids_sha256': 'd9372e03e3d53079703e345c274fe7ec9737059013014d0ca5619fb45eebb4be'}",minilm_trainable_kir_sweep_extension_v1/kir_0.25,598c09b092206b295fabe301bb831c7a1fb1fe7087318bde087fd589677222d5,False,67241822da44558ec651ed0a7e7800e03300cc29617c8f6351ec5e5c019e18ed,3746944,9.490009784698486,minilm_trainable_kir_sweep_extension_v1,artifacts/s2c/runs/protocol_v2_textoir_v1/minilm_trainable_kir_sweep_extension_v1/kir_0.25/runs/stackoverflow/seed_123/metrics.json,last2_minilm_plus_projection,mahalanobis_diag,mean_std,known_only_train_and_calibration,protocol_v2_textoir_v1
0.8496666666666667,0.8624639062641226,0.9058574444444444,077154a08592684ee77900e5dc43c46480cf1230e01a16fba64fc50baddcbc09,006d27e7030761616a5de81792925a08869b6a6309712e98c27d6b9ff1e6b85c,stackoverflow,0.8523954175911279,0.8519771296120553,0.8565782973818541,0.133,0.15733333333333333,0.22266666666666668,0.8426666666666667,fd77b022d10332484f6f691c48b923ab7ee82243605a089c7c1ed33ad39103e1,0.5,0.8426666666666667,trainable_k1,0.8565782973818541,0.8464041653107712,0.867,0.867,False,last2_minilm_plus_projection,13,"{'calibration_count': 1000, 'calibration_sample_ids_sha256': 'ef35331650e5545c204b807b12522db56462c653ac8f91b5ff3b4b8d61aa28ae', 'dataset': 'stackoverflow', 'kir': 0.5, 'oos_used_for_training': False, 'overlap_counts': {'calibration_test': 0, 'train_calibration': 0, 'train_test': 0}, 'seed': 13, 'test_count': 6000, 'test_known_count': 3000, 'test_oos_count': 3000, 'test_sample_ids_sha256': 'fd77b022d10332484f6f691c48b923ab7ee82243605a089c7c1ed33ad39103e1', 'test_used_for_selection': False, 'train_count': 6000, 'train_sample_ids_sha256': '4aa9ef44044337f0794ca79a36c5ab0653560fb0bb955310f2f481d4cda23660'}",minilm_trainable_kir_sweep_v1/kir_0.50,d3891e4ea9fd6b337ad0c11162f532d8195a4bc73a1f9d3599120df43305eda6,False,8d1eed4635ac46805c908b52ea6b0311154592ffc9561774d9f113e76a5d3a1b,3746944,17.177334308624268,minilm_trainable_kir_sweep_v1,artifacts/s2c/runs/protocol_v2_textoir_v1/minilm_trainable_kir_sweep_v1/kir_0.50/runs/stackoverflow/seed_13/metrics.json,last2_minilm_plus_projection,mahalanobis_diag,mean_std,known_only_train_and_calibration,protocol_v2_textoir_v1
0.8648333333333333,0.9119942660488355,0.9267934444444444,2d346113c799e722d81977f6a7dcc6f57bb6efab710c0268de90a9a941c35e5a,67a7e6e30e39b9ee02c498b4215280c483a208bd100a80b03026f30a4a9a8fae,stackoverflow,0.8576590966593717,0.8558767437770463,0.8754826254826255,0.093,0.165,0.20066666666666666,0.835,ed50cc34f4a8e69711527e7db4d5bed877b2e768861d442975d1a7b4907b16c6,0.5,0.835,trainable_k1,0.8754826254826255,0.8460820895522388,0.907,0.907,False,last2_minilm_plus_projection,42,"{'calibration_count': 1000, 'calibration_sample_ids_sha256': 'a85bbfa45b01fb75f8796b3c10c2351fce11f5f306ab68d5cd1c7fa90e8dea80', 'dataset': 'stackoverflow', 'kir': 0.5, 'oos_used_for_training': False, 'overlap_counts': {'calibration_test': 0, 'train_calibration': 0, 'train_test': 0}, 'seed': 42, 'test_count': 6000, 'test_known_count': 3000, 'test_oos_count': 3000, 'test_sample_ids_sha256': 'ed50cc34f4a8e69711527e7db4d5bed877b2e768861d442975d1a7b4907b16c6', 'test_used_for_selection': False, 'train_count': 6000, 'train_sample_ids_sha256': '17727b522cfc3c92c4f785352e87fb160b6209e3336dea82231592012ad53df7'}",minilm_trainable_kir_sweep_v1/kir_0.50,c4bca64707c63f1a4b9910ef4de09b439ccf1ca76d7928e0294cc5d2803878f2,False,6a222bc029dd12396978809bc664adabd636867ec60b95eceadf97dc33a7f382,3746944,18.801823377609253,minilm_trainable_kir_sweep_v1,artifacts/s2c/runs/protocol_v2_textoir_v1/minilm_trainable_kir_sweep_v1/kir_0.50/runs/stackoverflow/seed_42/metrics.json,last2_minilm_plus_projection,mahalanobis_diag,mean_std,known_only_train_and_calibration,protocol_v2_textoir_v1
0.8601666666666666,0.8888527044060599,0.9198784444444444,32c002d69ea401a7b5fc9385884605ef308016de790ee09fb4369b539dfde4fa,00d419f9a882d189e1ed8dbd017056b7999d1472aaf4beff832068017978880e,stackoverflow,0.8595641369722073,0.8585993483948545,0.8692120227457352,0.10833333333333334,0.16,0.212,0.84,53f65be0e59d34bf1a888b93bca28cd91c57b620e14840d33339b37230b27f1f,0.5,0.84,trainable_k1,0.8692120227457352,0.8478605388272583,0.8916666666666667,0.8916666666666667,False,last2_minilm_plus_projection,87,"{'calibration_count': 1000, 'calibration_sample_ids_sha256': 'a09fab8a1d75afae2c79693e2d0ac0cd6155a44ebaafbbe0df73e48731f0ff60', 'dataset': 'stackoverflow', 'kir': 0.5, 'oos_used_for_training': False, 'overlap_counts': {'calibration_test': 0, 'train_calibration': 0, 'train_test': 0}, 'seed': 87, 'test_count': 6000, 'test_known_count': 3000, 'test_oos_count': 3000, 'test_sample_ids_sha256': '53f65be0e59d34bf1a888b93bca28cd91c57b620e14840d33339b37230b27f1f', 'test_used_for_selection': False, 'train_count': 6000, 'train_sample_ids_sha256': '329d15b05282178d6ec40c81836bff0b8a5ceb6bd87bc222a7c209b698b3e377'}",minilm_trainable_kir_sweep_v1/kir_0.50,494e9483b4594ac8de7bae3467357cf56566df7464535fe22c3dcf018ed9b998,False,5e89c45c0b6548cf09d7333f7dd0101c1807f68814f042a1defd2f7b1b9a1056,3746944,18.181092023849487,minilm_trainable_kir_sweep_v1,artifacts/s2c/runs/protocol_v2_textoir_v1/minilm_trainable_kir_sweep_v1/kir_0.50/runs/stackoverflow/seed_87/metrics.json,last2_minilm_plus_projection,mahalanobis_diag,mean_std,known_only_train_and_calibration,protocol_v2_textoir_v1
0.892,0.9319233325702037,0.9465268888888889,d3a6fc5784885991f31c16f51c99c10c3f06e16215ba187ebbd26bd0911f42e1,f16c03167b1e100363346f5ae9ab7eccbe29218b4625638eeebcc7f963d428e8,stackoverflow,0.8835864480412401,0.8817847659041507,0.9016032694121345,0.044,0.16466666666666666,0.159,0.8353333333333334,d3314a896b71cb10edb01ba43bef7ace11f1de7e30f9f7352aeae33c2a87e025,0.5,0.8353333333333334,trainable_k1,0.9016032694121345,0.8530636525877454,0.956,0.956,False,last2_minilm_plus_projection,100,"{'calibration_count': 1000, 'calibration_sample_ids_sha256': '71e49d8405931c585d44f87abac9fbf975addcec26b124e4fbea0fc8f6e25892', 'dataset': 'stackoverflow', 'kir': 0.5, 'oos_used_for_training': False, 'overlap_counts': {'calibration_test': 0, 'train_calibration': 0, 'train_test': 0}, 'seed': 100, 'test_count': 6000, 'test_known_count': 3000, 'test_oos_count': 3000, 'test_sample_ids_sha256': 'd3314a896b71cb10edb01ba43bef7ace11f1de7e30f9f7352aeae33c2a87e025', 'test_used_for_selection': False, 'train_count': 6000, 'train_sample_ids_sha256': 'a31503f88695c1422434e7043467d66e49cbe6b5fadcf2ce1811e0fb38d5bb8a'}",minilm_trainable_kir_sweep_extension_v1/kir_0.50,6bde11e526424dc300bd82b86ef3dd56da736fca814c0b22fdcf928641d1f33f,False,e6efa8b31283171dc800a0bf4eefe24ab76c4971a8cd123e85a5d460257872cf,3746944,17.743273496627808,minilm_trainable_kir_sweep_extension_v1,artifacts/s2c/runs/protocol_v2_textoir_v1/minilm_trainable_kir_sweep_extension_v1/kir_0.50/runs/stackoverflow/seed_100/metrics.json,last2_minilm_plus_projection,mahalanobis_diag,mean_std,known_only_train_and_calibration,protocol_v2_textoir_v1
0.874,0.8724901009917846,0.9185344444444443,ec0e2491d5d7f142cfce49df62c2f70e4c5180d14e09deeab00b321b45c34ba9,4f8376fdd5d1fa4b562e2bcc20177b731c5767b696253a5ca6d4c4fab0d34768,stackoverflow,0.874333776004836,0.8737014425407359,0.8806571106458367,0.08866666666666667,0.15833333333333333,0.20166666666666666,0.8416666666666667,83ce93e49e13634c8979000e8050204eec37061fad5b5e6a7b65247c682b87f7,0.5,0.8416666666666667,trainable_k1,0.8806571106458367,0.8519788095980056,0.9113333333333333,0.9113333333333333,False,last2_minilm_plus_projection,123,"{'calibration_count': 1000, 'calibration_sample_ids_sha256': 'd81b3e5d864240f0d778c89e3d24bb56a8a5a7194d3ecff83588b5ad06d1581a', 'dataset': 'stackoverflow', 'kir': 0.5, 'oos_used_for_training': False, 'overlap_counts': {'calibration_test': 0, 'train_calibration': 0, 'train_test': 0}, 'seed': 123, 'test_count': 6000, 'test_known_count': 3000, 'test_oos_count': 3000, 'test_sample_ids_sha256': '83ce93e49e13634c8979000e8050204eec37061fad5b5e6a7b65247c682b87f7', 'test_used_for_selection': False, 'train_count': 6000, 'train_sample_ids_sha256': 'f1bbe850c4e5af1a7fce4ecea1879234914210600199db9e1b412d69d1e068e1'}",minilm_trainable_kir_sweep_extension_v1/kir_0.50,5bc29546c9adc12303cd8764d6a931b38cd3db7303c7d48c01e384a035de27d5,False,302d8ddebbbcdf3c253c07a2128a07f1edc3ea94e3e4f1d80fc4ea85113081d4,3746944,17.674827814102173,minilm_trainable_kir_sweep_extension_v1,artifacts/s2c/runs/protocol_v2_textoir_v1/minilm_trainable_kir_sweep_extension_v1/kir_0.50/runs/stackoverflow/seed_123/metrics.json,last2_minilm_plus_projection,mahalanobis_diag,mean_std,known_only_train_and_calibration,protocol_v2_textoir_v1
0.849,0.7860156586107498,0.9366668148148148,3940ca9646334b45b54800c1a684c2cd4413b69696e56e9556eeef0c83f98a33,61d8bf245a22683ed4d7460b7e0f4279623d643e2ab66db53f50501647eeda1d,stackoverflow,0.8731885403519126,0.8795246075826206,0.7781475318912923,0.06466666666666666,0.15622222222222223,0.17066666666666666,0.8437777777777777,4a18ae5f002d56c0da340eddff81164875949a833424db8a7e408f0b9b864792,0.75,0.8437777777777777,trainable_k1,0.7781475318912923,0.6661918328584995,0.9353333333333333,0.9353333333333333,False,last2_minilm_plus_projection,13,"{'calibration_count': 1500, 'calibration_sample_ids_sha256': 'bf6044687b280a09682cae19ead91a95baa95f5a889711be8ec0aa7fae6d7861', 'dataset': 'stackoverflow', 'kir': 0.75, 'oos_used_for_training': False, 'overlap_counts': {'calibration_test': 0, 'train_calibration': 0, 'train_test': 0}, 'seed': 13, 'test_count': 6000, 'test_known_count': 4500, 'test_oos_count': 1500, 'test_sample_ids_sha256': '4a18ae5f002d56c0da340eddff81164875949a833424db8a7e408f0b9b864792', 'test_used_for_selection': False, 'train_count': 9000, 'train_sample_ids_sha256': 'dd0087df350946cd332bd18661c9cf606dd2d85f543b6dd34cfc0d7f96ba2903'}",minilm_trainable_kir_sweep_v1/kir_0.75,556e6995e628f9fb4c50ec90332ed26cf980d01c342686aa301cf3f691df6898,False,ad4d4c299bc82eea623aef7086a44ce6d575bd35e18d9ce852ace34fc09f535a,3746944,26.58565855026245,minilm_trainable_kir_sweep_v1,artifacts/s2c/runs/protocol_v2_textoir_v1/minilm_trainable_kir_sweep_v1/kir_0.75/runs/stackoverflow/seed_13/metrics.json,last2_minilm_plus_projection,mahalanobis_diag,mean_std,known_only_train_and_calibration,protocol_v2_textoir_v1
0.8403333333333334,0.8115610099826195,0.9275505185185186,50349065664672a90a482d09e90be1a4dc852e4808599335f36f3b21e8c7ab23,378498edd5de0104e2ecc6090bccf017080edc9064eb2a21ce11cb9f71ea2a27,stackoverflow,0.871379383978064,0.8795674597880586,0.748558246828143,0.13466666666666666,0.14888888888888888,0.21488888888888888,0.8511111111111112,04d485f913950fa2a62cfd2bde5f88a2036399bcd21d0c35d177b3ba8a2b3c53,0.75,0.8511111111111112,trainable_k1,0.748558246828143,0.6595528455284553,0.8653333333333333,0.8653333333333333,False,last2_minilm_plus_projection,42,"{'calibration_count': 1500, 'calibration_sample_ids_sha256': '0708c2ea6a0102085ab56321934c0779ace619c7db257fe1e381ff3012747177', 'dataset': 'stackoverflow', 'kir': 0.75, 'oos_used_for_training': False, 'overlap_counts': {'calibration_test': 0, 'train_calibration': 0, 'train_test': 0}, 'seed': 42, 'test_count': 6000, 'test_known_count': 4500, 'test_oos_count': 1500, 'test_sample_ids_sha256': '04d485f913950fa2a62cfd2bde5f88a2036399bcd21d0c35d177b3ba8a2b3c53', 'test_used_for_selection': False, 'train_count': 9000, 'train_sample_ids_sha256': '0412dc51c8e0b73b85adbd9fb64b1e05438f4313b42e2bc3b075f4ded60fdeb7'}",minilm_trainable_kir_sweep_v1/kir_0.75,4ab074d83be9b7b6af2b8161761eeda03d28cbcfc4f7bbe74dadd93c2aaefced,False,edd6e61c154e540e1a73ac6a91525d1b9209dc82723d68c75058a1c71e5ab87a,3746944,26.367056846618652,minilm_trainable_kir_sweep_v1,artifacts/s2c/runs/protocol_v2_textoir_v1/minilm_trainable_kir_sweep_v1/kir_0.75/runs/stackoverflow/seed_42/metrics.json,last2_minilm_plus_projection,mahalanobis_diag,mean_std,known_only_train_and_calibration,protocol_v2_textoir_v1
0.843,0.7666542381963952,0.9305234074074071,971fdbc4294f2cd33553fd4f40b36713045e03966bdaa0994950a808acdb4716,d346cfc05d01f53621de405ce24121af4a0b4691a3ed611ee1332db63b57093a,stackoverflow,0.867446594850703,0.8737009569626969,0.7736311631707982,0.05333333333333334,0.1668888888888889,0.17466666666666666,0.8331111111111111,6afeff4f0bd02a1c8564af680d7397479477e65ac2c1aff38aa3bc0d98e95fd3,0.75,0.8331111111111111,trainable_k1,0.7736311631707982,0.654076462459696,0.9466666666666667,0.9466666666666667,False,last2_minilm_plus_projection,87,"{'calibration_count': 1500, 'calibration_sample_ids_sha256': '6c5c9c580d117b19acf7cf79ac95df4d9616376eb1855f32090f9e82703c63c7', 'dataset': 'stackoverflow', 'kir': 0.75, 'oos_used_for_training': False, 'overlap_counts': {'calibration_test': 0, 'train_calibration': 0, 'train_test': 0}, 'seed': 87, 'test_count': 6000, 'test_known_count': 4500, 'test_oos_count': 1500, 'test_sample_ids_sha256': '6afeff4f0bd02a1c8564af680d7397479477e65ac2c1aff38aa3bc0d98e95fd3', 'test_used_for_selection': False, 'train_count': 9000, 'train_sample_ids_sha256': '64c29ae604aa39060038a99b8239f531dcbcce66ff50bedf63621e4f92431b94'}",minilm_trainable_kir_sweep_v1/kir_0.75,fef970eee4dce1ab79edfddb378fef0934a9db04475b34ec9ad5b7db28480634,False,c1c44f10ab5c663a49bc442d418dd8884e58a0602403c0be5c8d125a683223b0,3746944,26.35523772239685,minilm_trainable_kir_sweep_v1,artifacts/s2c/runs/protocol_v2_textoir_v1/minilm_trainable_kir_sweep_v1/kir_0.75/runs/stackoverflow/seed_87/metrics.json,last2_minilm_plus_projection,mahalanobis_diag,mean_std,known_only_train_and_calibration,protocol_v2_textoir_v1
0.8288333333333333,0.7480205170589439,0.9126514074074075,f7789f35ed09560db5b28f8b40be5fb149d4688b1dcd0e3155b7b267f50406ab,ae10eb030121248a2526824655e87cd8e17f0140fe8a9179d2cd542838384441,stackoverflow,0.8677509570516391,0.8775902836295038,0.7201610583836641,0.16533333333333333,0.16111111111111112,0.22533333333333333,0.8388888888888889,0b21103e05ba2f984d70ee5f29c82293554fbf12160fa5052cd817776efa3d15,0.75,0.8388888888888889,trainable_k1,0.7201610583836641,0.6332827516439049,0.8346666666666667,0.8346666666666667,False,last2_minilm_plus_projection,100,"{'calibration_count': 1500, 'calibration_sample_ids_sha256': '09ed8588b5a4dff4a024902c507ad0e7548f8f1f5949854717422117309cb347', 'dataset': 'stackoverflow', 'kir': 0.75, 'oos_used_for_training': False, 'overlap_counts': {'calibration_test': 0, 'train_calibration': 0, 'train_test': 0}, 'seed': 100, 'test_count': 6000, 'test_known_count': 4500, 'test_oos_count': 1500, 'test_sample_ids_sha256': '0b21103e05ba2f984d70ee5f29c82293554fbf12160fa5052cd817776efa3d15', 'test_used_for_selection': False, 'train_count': 9000, 'train_sample_ids_sha256': '1bba64b682982018254238b01974ccbc9ed520c3779ee3ed2ffad018b9fdc51d'}",minilm_trainable_kir_sweep_extension_v1/kir_0.75,6796f39300b54f8eece2f65a65de6f9fdc76c98383b24505ded71f81ccf58868,False,cd7cee7d486967c1a4504353cc8134091250605b5fa5749ce2f1bbde65d4b823,3746944,25.29149866104126,minilm_trainable_kir_sweep_extension_v1,artifacts/s2c/runs/protocol_v2_textoir_v1/minilm_trainable_kir_sweep_extension_v1/kir_0.75/runs/stackoverflow/seed_100/metrics.json,last2_minilm_plus_projection,mahalanobis_diag,mean_std,known_only_train_and_calibration,protocol_v2_textoir_v1
0.8608333333333333,0.752448305020067,0.937789037037037,36e975357e43e426f828e7f2092cee65e5cc37cc400593cc6f0f813caf4ed4e9,3c5ca38e0276c2b80acfb7b6a4afd31e65296bb984c7958a2044ae795e1601db,stackoverflow,0.8842356034374308,0.8902052287153467,0.7946912242686891,0.022,0.16111111111111112,0.13733333333333334,0.8388888888888889,5b8e4cb6199bdfc36f3da6374b99fd4bb9430a01388e01de396e761b95a83c3d,0.75,0.8388888888888889,trainable_k1,0.7946912242686891,0.6692518248175182,0.978,0.978,False,last2_minilm_plus_projection,123,"{'calibration_count': 1500, 'calibration_sample_ids_sha256': '5e46879048b4cdc4e6d4b5aae0f5891500c70cb42f7b13e5d1ef0948faedc3b4', 'dataset': 'stackoverflow', 'kir': 0.75, 'oos_used_for_training': False, 'overlap_counts': {'calibration_test': 0, 'train_calibration': 0, 'train_test': 0}, 'seed': 123, 'test_count': 6000, 'test_known_count': 4500, 'test_oos_count': 1500, 'test_sample_ids_sha256': '5b8e4cb6199bdfc36f3da6374b99fd4bb9430a01388e01de396e761b95a83c3d', 'test_used_for_selection': False, 'train_count': 9000, 'train_sample_ids_sha256': '28a7e1a41ce0f0b5d82d3ac802a938f3954d1a86831ccf47e63afb53ac0383a4'}",minilm_trainable_kir_sweep_extension_v1/kir_0.75,79464e2372c944e62de468850a5dbeada127563709069d964a70aeabc7786fc3,False,a3a5d074a487caa13bf07f90a57814a2511c0e9a61998a2ebbc9480255bf5eab,3746944,26.57426929473877,minilm_trainable_kir_sweep_extension_v1,artifacts/s2c/runs/protocol_v2_textoir_v1/minilm_trainable_kir_sweep_extension_v1/kir_0.75/runs/stackoverflow/seed_123/metrics.json,last2_minilm_plus_projection,mahalanobis_diag,mean_std,known_only_train_and_calibration,protocol_v2_textoir_v1
