public_relative_path,source_summary,size_bytes,sha256
README.md,artifacts/s2c/runs/protocol_v2/summaries/smoke_gate.csv,318,bce55c314be649944c716c1bdb8fbd778e27b3e2ca329be2100059ed03e502c9
boundary_comparison.csv,artifacts/s2c/runs/protocol_v2/summaries/smoke_gate.csv,573,1d6550236fd1732c011ef6246a0fc58c68e43cc8cebe7ef652f1305413a5cb1e
efficiency_summary.csv,artifacts/s2c/runs/protocol_v2/summaries/smoke_gate.csv,7150,d2d465ef7225ee65c07ea4134d89996900507ba5725d5ebdfe9fcedb037c0b21
experiment_coverage.csv,artifacts/s2c/runs/protocol_v2/summaries/smoke_gate.csv,181,234aa3852923766ab48044dd8e6edb094c01064cd117c73fad439f6f9549a383
failed_runs.csv,artifacts/s2c/runs/protocol_v2/summaries/smoke_gate.csv,35,286cc6280862c7f7e2cd8486f84d55566f715658f01dc1fe2ef9b58d5c5eb5b1
k_sensitivity.csv,artifacts/s2c/runs/protocol_v2/summaries/smoke_gate.csv,12666,f2a194554113f04e48acb27acc5aa34615630be94819e7f0d38e31dde209dd55
kir_curves.csv,artifacts/s2c/runs/protocol_v2/summaries/smoke_gate.csv,12666,efe06739c41b5ef2d626a917f6aa77c39d32ffee67a9378c933567cfafbe71b3
mean_std_by_dataset_kir_method.csv,artifacts/s2c/runs/protocol_v2/summaries/smoke_gate.csv,12666,f2a194554113f04e48acb27acc5aa34615630be94819e7f0d38e31dde209dd55
per_seed_results.csv,artifacts/s2c/runs/protocol_v2/summaries/smoke_gate.csv,21707,b3c0da78fdc356ab6e65e2e18c28e8d1f74de89ae2bec357f9f8ac052a99eb26
