dataset,method,reference_method,metric,better_direction,paired_cells,pair_count,mean_delta,std_delta,ci95_low,ci95_high,win_rate,tie_rate
clinc150,diag_mahalanobis_centroid,multisphere_selected_k,test_oos_f1,higher,kir25_seed13|kir25_seed42|kir25_seed87|kir50_seed13|kir50_seed42|kir50_seed87|kir75_seed13|kir75_seed42|kir75_seed87,9,-0.0012224555041382176,0.0033198504101766124,-0.00345226341133964,0.0,0.0,0.7777777777777778
clinc150,diag_mahalanobis_centroid,multisphere_selected_k,test_id_recall,higher,kir25_seed13|kir25_seed42|kir25_seed87|kir50_seed13|kir50_seed42|kir50_seed87|kir75_seed13|kir75_seed42|kir75_seed87,9,-0.0036062378167641437,0.008068798085699809,-0.009844054580896718,0.0,0.0,0.7777777777777778
clinc150,diag_mahalanobis_centroid,multisphere_selected_k,test_fpr95,lower,kir25_seed13|kir25_seed42|kir25_seed87|kir50_seed13|kir50_seed42|kir50_seed87|kir75_seed13|kir75_seed42|kir75_seed87,9,0.003508771929824563,0.01052631578947369,0.0,0.01052631578947369,0.0,0.8888888888888888
clinc150,energy,multisphere_selected_k,test_oos_f1,higher,kir25_seed13|kir25_seed42|kir25_seed87|kir50_seed13|kir50_seed42|kir50_seed87|kir75_seed13|kir75_seed42|kir75_seed87,9,0.02881869444597898,0.013835431534512641,0.021083392774171494,0.0374878428296354,1.0,0.0
clinc150,energy,multisphere_selected_k,test_id_recall,higher,kir25_seed13|kir25_seed42|kir25_seed87|kir50_seed13|kir50_seed42|kir50_seed87|kir75_seed13|kir75_seed42|kir75_seed87,9,0.024337115937993124,0.031095106808464473,0.00494924986076302,0.04234469100993223,0.6666666666666666,0.0
clinc150,energy,multisphere_selected_k,test_fpr95,lower,kir25_seed13|kir25_seed42|kir25_seed87|kir50_seed13|kir50_seed42|kir50_seed87|kir75_seed13|kir75_seed42|kir75_seed87,9,-0.08723712057922586,0.02035266894492783,-0.10074040483152324,-0.07626701011788733,1.0,0.0
clinc150,entropy,multisphere_selected_k,test_oos_f1,higher,kir25_seed13|kir25_seed42|kir25_seed87|kir50_seed13|kir50_seed42|kir50_seed87|kir75_seed13|kir75_seed42|kir75_seed87,9,0.0329372235699353,0.020645468756973546,0.02101968612560765,0.04650087897574777,1.0,0.0
clinc150,entropy,multisphere_selected_k,test_id_recall,higher,kir25_seed13|kir25_seed42|kir25_seed87|kir50_seed13|kir50_seed42|kir50_seed87|kir75_seed13|kir75_seed42|kir75_seed87,9,0.036250510535598246,0.03856904928373894,0.011293329388285516,0.05828760616819828,0.7777777777777778,0.0
clinc150,entropy,multisphere_selected_k,test_fpr95,lower,kir25_seed13|kir25_seed42|kir25_seed87|kir50_seed13|kir50_seed42|kir50_seed87|kir75_seed13|kir75_seed42|kir75_seed87,9,-0.09978928803490208,0.04219188482755943,-0.12762252854358117,-0.0754432841362666,1.0,0.0
clinc150,euclidean_centroid,multisphere_selected_k,test_oos_f1,higher,kir25_seed13|kir25_seed42|kir25_seed87|kir50_seed13|kir50_seed42|kir50_seed87|kir75_seed13|kir75_seed42|kir75_seed87,9,0.0028465901602132446,0.010558569232068464,-0.002919193366920192,0.009646688375285966,0.4444444444444444,0.0
clinc150,euclidean_centroid,multisphere_selected_k,test_id_recall,higher,kir25_seed13|kir25_seed42|kir25_seed87|kir50_seed13|kir50_seed42|kir50_seed87|kir75_seed13|kir75_seed42|kir75_seed87,9,0.0073098022834864945,0.027186768744468216,-0.011365674603174595,0.02289852060707321,0.6666666666666666,0.0
clinc150,euclidean_centroid,multisphere_selected_k,test_fpr95,lower,kir25_seed13|kir25_seed42|kir25_seed87|kir50_seed13|kir50_seed42|kir50_seed87|kir75_seed13|kir75_seed42|kir75_seed87,9,0.02434038800705466,0.014075276090149868,0.01597268692564744,0.033698800821498176,0.0,0.0
clinc150,knn,multisphere_selected_k,test_oos_f1,higher,kir25_seed13|kir25_seed42|kir25_seed87|kir50_seed13|kir50_seed42|kir50_seed87|kir75_seed13|kir75_seed42|kir75_seed87,9,-0.022925973992784572,0.009346987566280976,-0.02900202311060884,-0.017448271569024704,0.0,0.0
clinc150,knn,multisphere_selected_k,test_id_recall,higher,kir25_seed13|kir25_seed42|kir25_seed87|kir50_seed13|kir50_seed42|kir50_seed87|kir75_seed13|kir75_seed42|kir75_seed87,9,0.001899006776199758,0.021140705656954455,-0.012244297085305826,0.014632095284507535,0.5555555555555556,0.0
clinc150,knn,multisphere_selected_k,test_fpr95,lower,kir25_seed13|kir25_seed42|kir25_seed87|kir50_seed13|kir50_seed42|kir50_seed87|kir75_seed13|kir75_seed42|kir75_seed87,9,0.04161830502181378,0.0387955449933753,0.016878853963612713,0.06538957056994334,0.1111111111111111,0.0
clinc150,lof,multisphere_selected_k,test_oos_f1,higher,kir25_seed13|kir25_seed42|kir25_seed87|kir50_seed13|kir50_seed42|kir50_seed87|kir75_seed13|kir75_seed42|kir75_seed87,9,-0.01766489123068767,0.008779573302403162,-0.022806341572867025,-0.011872824778917334,0.0,0.0
clinc150,lof,multisphere_selected_k,test_id_recall,higher,kir25_seed13|kir25_seed42|kir25_seed87|kir50_seed13|kir50_seed42|kir50_seed87|kir75_seed13|kir75_seed42|kir75_seed87,9,-0.003422700269191497,0.030881068039662955,-0.023042428408985415,0.013685508911166815,0.5555555555555556,0.0
clinc150,lof,multisphere_selected_k,test_fpr95,lower,kir25_seed13|kir25_seed42|kir25_seed87|kir50_seed13|kir50_seed42|kir50_seed87|kir75_seed13|kir75_seed42|kir75_seed87,9,0.0613957347071382,0.04125106037503938,0.03595054244407315,0.08630774157616262,0.0,0.0
clinc150,msp,multisphere_selected_k,test_oos_f1,higher,kir25_seed13|kir25_seed42|kir25_seed87|kir50_seed13|kir50_seed42|kir50_seed87|kir75_seed13|kir75_seed42|kir75_seed87,9,0.02816497494231687,0.019389260400452215,0.016659200653533768,0.040957785304774855,1.0,0.0
clinc150,msp,multisphere_selected_k,test_id_recall,higher,kir25_seed13|kir25_seed42|kir25_seed87|kir50_seed13|kir50_seed42|kir50_seed87|kir75_seed13|kir75_seed42|kir75_seed87,9,0.018471595655806177,0.03546068798712847,-0.0037799858442402424,0.03953724937343357,0.7777777777777778,0.0
clinc150,msp,multisphere_selected_k,test_fpr95,lower,kir25_seed13|kir25_seed42|kir25_seed87|kir50_seed13|kir50_seed42|kir50_seed87|kir75_seed13|kir75_seed42|kir75_seed87,9,-0.08578859184999536,0.04853784845290287,-0.11718718091525109,-0.05838424417525298,1.0,0.0
clinc150,multisphere_k2,multisphere_selected_k,test_oos_f1,higher,kir25_seed13|kir25_seed42|kir25_seed87|kir50_seed13|kir50_seed42|kir50_seed87|kir75_seed13|kir75_seed42|kir75_seed87,9,0.001160093079903773,0.0032529097014072496,-0.0006360948486512037,0.003426269116558588,0.4444444444444444,0.2222222222222222
clinc150,multisphere_k2,multisphere_selected_k,test_id_recall,higher,kir25_seed13|kir25_seed42|kir25_seed87|kir50_seed13|kir50_seed42|kir50_seed87|kir75_seed13|kir75_seed42|kir75_seed87,9,0.008081337603267433,0.014205010856700305,-0.0012727130325814553,0.016758216722361458,0.6666666666666666,0.2222222222222222
clinc150,multisphere_k2,multisphere_selected_k,test_fpr95,lower,kir25_seed13|kir25_seed42|kir25_seed87|kir50_seed13|kir50_seed42|kir50_seed87|kir75_seed13|kir75_seed42|kir75_seed87,9,-0.026799313097558716,0.020251336753964788,-0.03950847721154739,-0.015456668871252207,0.7777777777777778,0.2222222222222222
banking77_oos,diag_mahalanobis_centroid,multisphere_selected_k,test_oos_f1,higher,kir25_seed13|kir25_seed42|kir25_seed87|kir50_seed13|kir50_seed42|kir50_seed87|kir75_seed13|kir75_seed42|kir75_seed87,9,-0.0010606143860191085,0.006057234969640246,-0.004506404672885211,0.0026944341041024045,0.1111111111111111,0.5555555555555556
banking77_oos,diag_mahalanobis_centroid,multisphere_selected_k,test_id_recall,higher,kir25_seed13|kir25_seed42|kir25_seed87|kir50_seed13|kir50_seed42|kir50_seed87|kir75_seed13|kir75_seed42|kir75_seed87,9,0.002277777777777786,0.005127370725387013,-0.0002407407407407389,0.005686574074074082,0.3333333333333333,0.5555555555555556
banking77_oos,diag_mahalanobis_centroid,multisphere_selected_k,test_fpr95,lower,kir25_seed13|kir25_seed42|kir25_seed87|kir50_seed13|kir50_seed42|kir50_seed87|kir75_seed13|kir75_seed42|kir75_seed87,9,-0.010592592592592591,0.030060484294990704,-0.0305925925925926,0.007407407407407406,0.3333333333333333,0.5555555555555556
banking77_oos,energy,multisphere_selected_k,test_oos_f1,higher,kir25_seed13|kir25_seed42|kir25_seed87|kir50_seed13|kir50_seed42|kir50_seed87|kir75_seed13|kir75_seed42|kir75_seed87,9,-0.022369213036895614,0.0283195082612275,-0.04028887141848242,-0.004649804207173694,0.2222222222222222,0.0
banking77_oos,energy,multisphere_selected_k,test_id_recall,higher,kir25_seed13|kir25_seed42|kir25_seed87|kir50_seed13|kir50_seed42|kir50_seed87|kir75_seed13|kir75_seed42|kir75_seed87,9,-0.0003547758284600337,0.008337019165385354,-0.0057193226120857725,0.0045851851851851765,0.5555555555555556,0.0
banking77_oos,energy,multisphere_selected_k,test_fpr95,lower,kir25_seed13|kir25_seed42|kir25_seed87|kir50_seed13|kir50_seed42|kir50_seed87|kir75_seed13|kir75_seed42|kir75_seed87,9,0.09236257309941522,0.07619111144875465,0.048741313352826526,0.140700365497076,0.0,0.0
banking77_oos,entropy,multisphere_selected_k,test_oos_f1,higher,kir25_seed13|kir25_seed42|kir25_seed87|kir50_seed13|kir50_seed42|kir50_seed87|kir75_seed13|kir75_seed42|kir75_seed87,9,-0.01821111568294896,0.02624499326817427,-0.03348844468286015,-0.0009410885796674125,0.2222222222222222,0.0
banking77_oos,entropy,multisphere_selected_k,test_id_recall,higher,kir25_seed13|kir25_seed42|kir25_seed87|kir50_seed13|kir50_seed42|kir50_seed87|kir75_seed13|kir75_seed42|kir75_seed87,9,0.002511695906432755,0.0145647928244794,-0.006533966861598454,0.011252436647173507,0.5555555555555556,0.0
banking77_oos,entropy,multisphere_selected_k,test_fpr95,lower,kir25_seed13|kir25_seed42|kir25_seed87|kir50_seed13|kir50_seed42|kir50_seed87|kir75_seed13|kir75_seed42|kir75_seed87,9,0.05252680311890838,0.09547975638777582,-0.006207224658869382,0.11705856481481479,0.2222222222222222,0.0
banking77_oos,euclidean_centroid,multisphere_selected_k,test_oos_f1,higher,kir25_seed13|kir25_seed42|kir25_seed87|kir50_seed13|kir50_seed42|kir50_seed87|kir75_seed13|kir75_seed42|kir75_seed87,9,-0.03975995393058832,0.009689189194861801,-0.04598997881840374,-0.03428040913911085,0.0,0.0
banking77_oos,euclidean_centroid,multisphere_selected_k,test_id_recall,higher,kir25_seed13|kir25_seed42|kir25_seed87|kir50_seed13|kir50_seed42|kir50_seed87|kir75_seed13|kir75_seed42|kir75_seed87,9,0.013934697855750485,0.008879780098438709,0.009021028265107187,0.019838669590643267,1.0,0.0
banking77_oos,euclidean_centroid,multisphere_selected_k,test_fpr95,lower,kir25_seed13|kir25_seed42|kir25_seed87|kir50_seed13|kir50_seed42|kir50_seed87|kir75_seed13|kir75_seed42|kir75_seed87,9,0.024740740740740737,0.031781506214399395,0.003169956140350879,0.04270404483430796,0.1111111111111111,0.0
banking77_oos,knn,multisphere_selected_k,test_oos_f1,higher,kir25_seed13|kir25_seed42|kir25_seed87|kir50_seed13|kir50_seed42|kir50_seed87|kir75_seed13|kir75_seed42|kir75_seed87,9,0.006946896804019276,0.018303397415112443,-0.0050649852032588144,0.01779582675902108,0.7777777777777778,0.0
banking77_oos,knn,multisphere_selected_k,test_id_recall,higher,kir25_seed13|kir25_seed42|kir25_seed87|kir50_seed13|kir50_seed42|kir50_seed87|kir75_seed13|kir75_seed42|kir75_seed87,9,-0.00014230019493177704,0.005217715055064658,-0.0035638401559454267,0.0027670808966861584,0.5555555555555556,0.0
banking77_oos,knn,multisphere_selected_k,test_fpr95,lower,kir25_seed13|kir25_seed42|kir25_seed87|kir50_seed13|kir50_seed42|kir50_seed87|kir75_seed13|kir75_seed42|kir75_seed87,9,-0.031248050682261195,0.041124237080551476,-0.05682590155945418,-0.007614071637426916,0.7777777777777778,0.0
banking77_oos,lof,multisphere_selected_k,test_oos_f1,higher,kir25_seed13|kir25_seed42|kir25_seed87|kir50_seed13|kir50_seed42|kir50_seed87|kir75_seed13|kir75_seed42|kir75_seed87,9,-0.02987278013236748,0.0167151990931325,-0.040853861546772265,-0.019802647236907986,0.0,0.0
banking77_oos,lof,multisphere_selected_k,test_id_recall,higher,kir25_seed13|kir25_seed42|kir25_seed87|kir50_seed13|kir50_seed42|kir50_seed87|kir75_seed13|kir75_seed42|kir75_seed87,9,0.0035950292397660924,0.00977499981304496,-0.0026959307992202547,0.009602777777777776,0.5555555555555556,0.1111111111111111
banking77_oos,lof,multisphere_selected_k,test_fpr95,lower,kir25_seed13|kir25_seed42|kir25_seed87|kir50_seed13|kir50_seed42|kir50_seed87|kir75_seed13|kir75_seed42|kir75_seed87,9,0.06296734892787526,0.04126713068415816,0.03815956384015596,0.09080822368421052,0.0,0.0
banking77_oos,msp,multisphere_selected_k,test_oos_f1,higher,kir25_seed13|kir25_seed42|kir25_seed87|kir50_seed13|kir50_seed42|kir50_seed87|kir75_seed13|kir75_seed42|kir75_seed87,9,-0.02989621953254567,0.039215228970871235,-0.05218843983438068,-0.004633345585669259,0.2222222222222222,0.0
banking77_oos,msp,multisphere_selected_k,test_id_recall,higher,kir25_seed13|kir25_seed42|kir25_seed87|kir50_seed13|kir50_seed42|kir50_seed87|kir75_seed13|kir75_seed42|kir75_seed87,9,-0.002150097465886927,0.01547080437534668,-0.012010721247563342,0.007139839181286573,0.3333333333333333,0.2222222222222222
banking77_oos,msp,multisphere_selected_k,test_fpr95,lower,kir25_seed13|kir25_seed42|kir25_seed87|kir50_seed13|kir50_seed42|kir50_seed87|kir75_seed13|kir75_seed42|kir75_seed87,9,0.06547270955165693,0.09731753018433874,0.005061403508771945,0.12460894249512666,0.2222222222222222,0.0
banking77_oos,multisphere_k2,multisphere_selected_k,test_oos_f1,higher,kir25_seed13|kir25_seed42|kir25_seed87|kir50_seed13|kir50_seed42|kir50_seed87|kir75_seed13|kir75_seed42|kir75_seed87,9,-0.03993246070941146,0.02796371591073742,-0.05805160117129213,-0.02451097065241198,0.0,0.0
banking77_oos,multisphere_k2,multisphere_selected_k,test_id_recall,higher,kir25_seed13|kir25_seed42|kir25_seed87|kir50_seed13|kir50_seed42|kir50_seed87|kir75_seed13|kir75_seed42|kir75_seed87,9,0.015199317738791426,0.015610301814298495,0.006158138401559466,0.024876303606237823,0.8888888888888888,0.0
banking77_oos,multisphere_k2,multisphere_selected_k,test_fpr95,lower,kir25_seed13|kir25_seed42|kir25_seed87|kir50_seed13|kir50_seed42|kir50_seed87|kir75_seed13|kir75_seed42|kir75_seed87,9,-0.005351364522417147,0.0492047566670231,-0.03813982699805067,0.024094541910331384,0.4444444444444444,0.0
stackoverflow,diag_mahalanobis_centroid,multisphere_selected_k,test_oos_f1,higher,kir25_seed13|kir25_seed42|kir25_seed87|kir50_seed13|kir50_seed42|kir50_seed87|kir75_seed13|kir75_seed42|kir75_seed87,9,-0.0076867818301059225,0.01912193017445104,-0.022159098079974567,0.001767633533998916,0.1111111111111111,0.6666666666666666
stackoverflow,diag_mahalanobis_centroid,multisphere_selected_k,test_id_recall,higher,kir25_seed13|kir25_seed42|kir25_seed87|kir50_seed13|kir50_seed42|kir50_seed87|kir75_seed13|kir75_seed42|kir75_seed87,9,-0.0016450924232218735,0.0027212459435354873,-0.003414235879165722,0.0,0.0,0.6666666666666666
stackoverflow,diag_mahalanobis_centroid,multisphere_selected_k,test_fpr95,lower,kir25_seed13|kir25_seed42|kir25_seed87|kir50_seed13|kir50_seed42|kir50_seed87|kir75_seed13|kir75_seed42|kir75_seed87,9,-0.023724433818765784,0.04849832351676145,-0.05638234222817721,-0.0030410918261385544,0.3333333333333333,0.6666666666666666
stackoverflow,energy,multisphere_selected_k,test_oos_f1,higher,kir25_seed13|kir25_seed42|kir25_seed87|kir50_seed13|kir50_seed42|kir50_seed87|kir75_seed13|kir75_seed42|kir75_seed87,9,0.0017564966839163458,0.06428325816387018,-0.03923257683006425,0.040046657988080575,0.5555555555555556,0.0
stackoverflow,energy,multisphere_selected_k,test_id_recall,higher,kir25_seed13|kir25_seed42|kir25_seed87|kir50_seed13|kir50_seed42|kir50_seed87|kir75_seed13|kir75_seed42|kir75_seed87,9,0.014878867266302906,0.020698691901849663,0.002295532386180949,0.027018689405078292,0.7777777777777778,0.0
stackoverflow,energy,multisphere_selected_k,test_fpr95,lower,kir25_seed13|kir25_seed42|kir25_seed87|kir50_seed13|kir50_seed42|kir50_seed87|kir75_seed13|kir75_seed42|kir75_seed87,9,-0.03261193120469564,0.08743341734357528,-0.0921287762640568,0.017235882501168625,0.4444444444444444,0.0
stackoverflow,entropy,multisphere_selected_k,test_oos_f1,higher,kir25_seed13|kir25_seed42|kir25_seed87|kir50_seed13|kir50_seed42|kir50_seed87|kir75_seed13|kir75_seed42|kir75_seed87,9,-0.0003126705917175787,0.07365815692072651,-0.045426544412072986,0.042036648660611076,0.4444444444444444,0.0
stackoverflow,entropy,multisphere_selected_k,test_id_recall,higher,kir25_seed13|kir25_seed42|kir25_seed87|kir50_seed13|kir50_seed42|kir50_seed87|kir75_seed13|kir75_seed42|kir75_seed87,9,0.0206318079659012,0.024058854883339465,0.00532685113829704,0.034278850594911134,0.7777777777777778,0.0
stackoverflow,entropy,multisphere_selected_k,test_fpr95,lower,kir25_seed13|kir25_seed42|kir25_seed87|kir50_seed13|kir50_seed42|kir50_seed87|kir75_seed13|kir75_seed42|kir75_seed87,9,-0.014405177046183833,0.10614115237550274,-0.08464558053455473,0.04778500807360991,0.3333333333333333,0.0
stackoverflow,euclidean_centroid,multisphere_selected_k,test_oos_f1,higher,kir25_seed13|kir25_seed42|kir25_seed87|kir50_seed13|kir50_seed42|kir50_seed87|kir75_seed13|kir75_seed42|kir75_seed87,9,-0.015546448387187686,0.026848409078449823,-0.033318690287625664,-0.0008343667849645898,0.1111111111111111,0.0
stackoverflow,euclidean_centroid,multisphere_selected_k,test_id_recall,higher,kir25_seed13|kir25_seed42|kir25_seed87|kir50_seed13|kir50_seed42|kir50_seed87|kir75_seed13|kir75_seed42|kir75_seed87,9,0.025665960960479302,0.01354664071053899,0.015953556406209008,0.0328361658551024,1.0,0.0
stackoverflow,euclidean_centroid,multisphere_selected_k,test_fpr95,lower,kir25_seed13|kir25_seed42|kir25_seed87|kir50_seed13|kir50_seed42|kir50_seed87|kir75_seed13|kir75_seed42|kir75_seed87,9,-0.03428781032284764,0.05482398298405562,-0.0748769896943893,-0.006752852186140769,0.7777777777777778,0.1111111111111111
stackoverflow,knn,multisphere_selected_k,test_oos_f1,higher,kir25_seed13|kir25_seed42|kir25_seed87|kir50_seed13|kir50_seed42|kir50_seed87|kir75_seed13|kir75_seed42|kir75_seed87,9,-0.01020641745950326,0.061965168211216184,-0.04465611440190193,0.03006796194212243,0.3333333333333333,0.0
stackoverflow,knn,multisphere_selected_k,test_id_recall,higher,kir25_seed13|kir25_seed42|kir25_seed87|kir50_seed13|kir50_seed42|kir50_seed87|kir75_seed13|kir75_seed42|kir75_seed87,9,0.011821827207315628,0.014180176412641616,0.001450038950983659,0.019234622544975353,0.8888888888888888,0.0
stackoverflow,knn,multisphere_selected_k,test_fpr95,lower,kir25_seed13|kir25_seed42|kir25_seed87|kir50_seed13|kir50_seed42|kir50_seed87|kir75_seed13|kir75_seed42|kir75_seed87,9,0.0394889513091177,0.09082413563133034,-0.020591524678951867,0.0922841244843246,0.3333333333333333,0.0
stackoverflow,lof,multisphere_selected_k,test_oos_f1,higher,kir25_seed13|kir25_seed42|kir25_seed87|kir50_seed13|kir50_seed42|kir50_seed87|kir75_seed13|kir75_seed42|kir75_seed87,9,-0.08479999584310888,0.060496242952534425,-0.1203664980299711,-0.04783817179035085,0.1111111111111111,0.0
stackoverflow,lof,multisphere_selected_k,test_id_recall,higher,kir25_seed13|kir25_seed42|kir25_seed87|kir50_seed13|kir50_seed42|kir50_seed87|kir75_seed13|kir75_seed42|kir75_seed87,9,0.009374663017607773,0.01602809641650836,-0.0014176389811487587,0.01798752713521105,0.7777777777777778,0.0
stackoverflow,lof,multisphere_selected_k,test_fpr95,lower,kir25_seed13|kir25_seed42|kir25_seed87|kir50_seed13|kir50_seed42|kir50_seed87|kir75_seed13|kir75_seed42|kir75_seed87,9,0.14153756971897688,0.11413055100142735,0.06868498801834637,0.20579885803305123,0.1111111111111111,0.0
stackoverflow,msp,multisphere_selected_k,test_oos_f1,higher,kir25_seed13|kir25_seed42|kir25_seed87|kir50_seed13|kir50_seed42|kir50_seed87|kir75_seed13|kir75_seed42|kir75_seed87,9,-0.03243751936161322,0.09282910815881464,-0.08866174012814955,0.021644902955293595,0.3333333333333333,0.0
stackoverflow,msp,multisphere_selected_k,test_id_recall,higher,kir25_seed13|kir25_seed42|kir25_seed87|kir50_seed13|kir50_seed42|kir50_seed87|kir75_seed13|kir75_seed42|kir75_seed87,9,0.025627146582869836,0.021910588539728503,0.012384411789735365,0.03809415521483298,0.7777777777777778,0.0
stackoverflow,msp,multisphere_selected_k,test_fpr95,lower,kir25_seed13|kir25_seed42|kir25_seed87|kir50_seed13|kir50_seed42|kir50_seed87|kir75_seed13|kir75_seed42|kir75_seed87,9,0.0006676777625325333,0.10512516452075717,-0.0660767249276752,0.06334177126326192,0.3333333333333333,0.0
stackoverflow,multisphere_k2,multisphere_selected_k,test_oos_f1,higher,kir25_seed13|kir25_seed42|kir25_seed87|kir50_seed13|kir50_seed42|kir50_seed87|kir75_seed13|kir75_seed42|kir75_seed87,9,-0.04878473821927081,0.07144953297879165,-0.0993988856512489,-0.016211883554506493,0.0,0.2222222222222222
stackoverflow,multisphere_k2,multisphere_selected_k,test_id_recall,higher,kir25_seed13|kir25_seed42|kir25_seed87|kir50_seed13|kir50_seed42|kir50_seed87|kir75_seed13|kir75_seed42|kir75_seed87,9,0.01196445027758238,0.01527088164498514,0.0031650455583267377,0.021801180563042328,0.6666666666666666,0.2222222222222222
stackoverflow,multisphere_k2,multisphere_selected_k,test_fpr95,lower,kir25_seed13|kir25_seed42|kir25_seed87|kir50_seed13|kir50_seed42|kir50_seed87|kir75_seed13|kir75_seed42|kir75_seed87,9,0.06513994409233503,0.11809695584403734,0.0014252159395606034,0.14641497309472207,0.1111111111111111,0.2222222222222222
