dataset,kir,data_seed,representation,k_variant,k_gate,selected_k,oos_precision,oos_recall,oos_f1,id_recall,oos_rejection,auroc,aupr_oos,fpr95,near_oos_f1,medium_oos_f1,far_oos_f1,threshold,checkpoint_epoch,status
clinc150,50,13,ce_recon,k1,1,1,0.8330687830687831,0.9689230769230769,0.8958748221906117,0.7195555555555555,0.9689230769230769,0.9491175384615385,0.9589380951579406,0.23377777777777778,0.5514705882352942,0.8551755795271976,0.7260095527572731,1.0,5,complete
clinc150,50,13,ce_recon,k2,2,1,0.8250325945241199,0.9735384615384616,0.8931545518701483,0.7017777777777777,0.9735384615384616,0.9463511794871795,0.952824578959691,0.21688888888888888,0.5538461538461539,0.8466090122894857,0.7136150234741784,1.0,5,complete
clinc150,50,13,ce_recon,frozen_selected_k,1,1,0.8330687830687831,0.9689230769230769,0.8958748221906117,0.7195555555555555,0.9689230769230769,0.9491175384615385,0.9589380951579406,0.23377777777777778,0.5514705882352942,0.8551755795271976,0.7260095527572731,1.0,5,complete
clinc150,50,87,ce_recon,k1,1,1,0.8478144989339019,0.9787692307692307,0.9085975435589831,0.7462222222222222,0.9787692307692307,0.9571101538461538,0.9628677430058757,0.15866666666666668,0.5604395604395604,0.8725730863646507,0.7412777526053467,1.0,5,complete
clinc150,50,87,ce_recon,k2,2,1,0.8376520359598096,0.9747692307692307,0.9010238907849829,0.7271111111111112,0.9747692307692307,0.9438583247863246,0.9480240333986416,0.184,0.5326160053799597,0.864028299801017,0.7271111111111112,1.0,5,complete
clinc150,50,87,ce_recon,frozen_selected_k,1,1,0.8478144989339019,0.9787692307692307,0.9085975435589831,0.7462222222222222,0.9787692307692307,0.9571101538461538,0.9628677430058757,0.15866666666666668,0.5604395604395604,0.8725730863646507,0.7412777526053467,1.0,5,complete
banking77_oos,50,13,ce_recon,k1,1,4,0.9419057739992915,0.8633116883116884,0.900897848551584,0.836,0.8633116883116884,0.9151999999999999,0.9668046052443056,0.398,0.2430167597765363,0.9404659188955996,0.9195289499509323,1.0,5,complete
banking77_oos,50,13,ce_recon,k2,2,4,0.932695713779667,0.8548701298701299,0.8920887684228358,0.81,0.8548701298701299,0.9042090909090909,0.9639502476037514,0.461,0.3906633906633907,0.9034341062518345,0.906886517943744,1.0,5,complete
banking77_oos,50,13,ce_recon,frozen_selected_k,4,4,0.9188445667125172,0.8675324675324675,0.8924515698062793,0.764,0.8675324675324675,0.9022652597402596,0.9630772090531987,0.46,0.4810400866738895,0.8836395450568679,0.8870967741935484,1.0,5,complete
banking77_oos,50,87,ce_recon,k1,1,1,0.9465201465201465,0.8389610389610389,0.889500860585198,0.854,0.8389610389610389,0.9143655844155845,0.9687916211597836,0.401,0.12298682284040996,0.9446559297218156,0.9271457085828343,1.0,4,complete
banking77_oos,50,87,ce_recon,k2,2,1,0.9403522818254604,0.7626623376623377,0.8422373610613123,0.851,0.7626623376623377,0.8872483766233765,0.9563912219500779,0.494,0.43309002433090027,0.8175565018015067,0.9225387306346826,1.0,4,complete
banking77_oos,50,87,ce_recon,frozen_selected_k,1,1,0.9465201465201465,0.8389610389610389,0.889500860585198,0.854,0.8389610389610389,0.9143655844155845,0.9687916211597836,0.401,0.12298682284040996,0.9446559297218156,0.9271457085828343,1.0,4,complete
stackoverflow,50,13,ce_recon,k1,1,2,0.8494028546460821,0.9739478957915831,0.9074218142212541,0.8274365821094793,0.9739478957915831,0.9438082885842892,0.9168198580196586,0.14886515353805074,0.6530612244897959,0.8720613709477852,0.6967741935483871,1.0,5,complete
stackoverflow,50,13,ce_recon,k2,2,2,0.9030803906836965,0.802939211756847,0.8500707213578501,0.9138851802403204,0.802939211756847,0.937763488704155,0.9064527680725916,0.1588785046728972,0.40427426536064115,0.8787121842908687,0.8215767634854771,1.0,5,complete
stackoverflow,50,13,ce_recon,frozen_selected_k,2,2,0.9030803906836965,0.802939211756847,0.8500707213578501,0.9138851802403204,0.802939211756847,0.937763488704155,0.9064527680725916,0.1588785046728972,0.40427426536064115,0.8787121842908687,0.8215767634854771,1.0,5,complete
stackoverflow,50,87,ce_recon,k1,1,1,0.843021448554554,0.9052069425901201,0.8730082085948817,0.8313293253173013,0.9052069425901201,0.901789337464426,0.8457131972965034,0.20574482297929192,0.43763364219529577,0.876255819652046,0.7096032202415181,1.0,5,complete
stackoverflow,50,87,ce_recon,k2,2,1,0.8638247483718177,0.4869826435246996,0.6228388473852722,0.9231796927187709,0.4869826435246996,0.8836478029490222,0.8451251394021055,0.3944555778223113,0.0024330900243309003,0.5956854558107167,0.8309178743961353,1.0,5,complete
stackoverflow,50,87,ce_recon,frozen_selected_k,1,1,0.843021448554554,0.9052069425901201,0.8730082085948817,0.8313293253173013,0.9052069425901201,0.901789337464426,0.8457131972965034,0.20574482297929192,0.43763364219529577,0.876255819652046,0.7096032202415181,1.0,5,complete
clinc150,50,42,ce_recon,k1,1,1,0.8387530233808116,0.9603076923076923,0.895423899010185,0.7333333333333333,0.9603076923076923,0.941894564102564,0.9503278824369604,0.22977777777777778,0.5394819962097284,0.8679577464788732,0.7064579256360078,1.0,5,complete
clinc150,50,42,ce_recon,k2,2,1,0.8296354992076069,0.9664615384615385,0.8928368391131325,0.7133333333333334,0.9664615384615385,0.9345772307692308,0.9396257249752206,0.23022222222222222,0.5538832028898254,0.8562062937062938,0.691239827668741,1.0,5,complete
clinc150,50,42,ce_recon,frozen_selected_k,1,1,0.8387530233808116,0.9603076923076923,0.895423899010185,0.7333333333333333,0.9603076923076923,0.941894564102564,0.9503278824369604,0.22977777777777778,0.5394819962097284,0.8679577464788732,0.7064579256360078,1.0,5,complete
banking77_oos,50,42,ce_recon,k1,1,5,0.9476421636615812,0.8873376623376623,0.9164989939637826,0.849,0.8873376623376623,0.9305454545454545,0.9730172955352822,0.303,0.4231678486997636,0.948905109489051,0.9334508594094315,1.0,5,complete
banking77_oos,50,42,ce_recon,k2,2,5,0.9321533923303835,0.8207792207792208,0.8729281767955801,0.816,0.8207792207792208,0.9054948051948052,0.9612793168971357,0.385,0.5090521831735889,0.849846782431052,0.9115586690017513,1.0,5,complete
banking77_oos,50,42,ce_recon,frozen_selected_k,5,5,0.9200674536256324,0.8857142857142857,0.9025641025641026,0.763,0.8857142857142857,0.9006792207792208,0.9592912926648492,0.446,0.553314121037464,0.8865452221156919,0.896551724137931,1.0,5,complete
stackoverflow,50,42,ce_recon,k1,1,1,0.8567599761762954,0.95995995995996,0.9054287962234461,0.8392916805880387,0.95995995995996,0.9399054918600523,0.9178721332649084,0.1530237220180421,0.5941931127616475,0.8846799328698154,0.7111111111111111,1.0,4,complete
stackoverflow,50,42,ce_recon,k2,2,1,0.9034421099687081,0.674341007674341,0.7722583110431792,0.9278316070831941,0.674341007674341,0.9286001671567993,0.8993500032025536,0.20046775810223855,0.3576719576719577,0.7808340727595386,0.7940298507462686,1.0,4,complete
stackoverflow,50,42,ce_recon,frozen_selected_k,1,1,0.8567599761762954,0.95995995995996,0.9054287962234461,0.8392916805880387,0.95995995995996,0.9399054918600523,0.9178721332649084,0.1530237220180421,0.5941931127616475,0.8846799328698154,0.7111111111111111,1.0,4,complete
