dataset,kir_seed,seed,gate,oos_f1,known_macro_f1,overall_accuracy,id_recall,oos_false_accept_rate,known_false_reject_rate,router_error_rate,expert_error_rate,delta_vs_frozen_k1_oos_f1,delta_vs_frozen_k1_known_macro_f1,delta_vs_frozen_k1_overall_accuracy,delta_vs_frozen_k1_id_recall,delta_vs_frozen_k1_oos_false_accept_rate,delta_vs_frozen_k1_known_false_reject_rate,delta_vs_frozen_k1_router_error_rate,delta_vs_frozen_k1_expert_error_rate
banking77_oos,kir50_seed13,13,best_controlled_baseline,0.8024132730015083,0.8554845256603681,0.7215686274509804,0.904,0.3090909090909091,0.096,0.0,0.09734513274336283,-0.030490665165587738,0.011596687293974894,-0.030637254901960786,-0.0050000000000000044,0.04383116883116883,0.0050000000000000044,0.0,-0.015966198389750483
banking77_oos,kir50_seed13,13,ce_recon_selected_k,0.8924515698062793,0.7871469263037622,0.825735294117647,0.764,0.13246753246753246,0.236,0.0,0.08769633507853403,0.059547631639183196,-0.0567409120626311,0.07352941176470584,-0.14500000000000002,-0.1327922077922078,0.145,0.0,-0.025614996054579287
banking77_oos,kir50_seed13,13,frozen_k1,0.8329039381670961,0.8438878383663933,0.7522058823529412,0.909,0.26525974025974025,0.091,0.0,0.11331133113311331,0.0,0.0,0.0,0.0,0.0,0.0,0.0,0.0
banking77_oos,kir50_seed13,13,frozen_selected_k,0.8882861501949483,0.7955614128352735,0.8178921568627451,0.801,0.14935064935064934,0.199,0.0,0.10486891385767791,0.05538221202785221,-0.048326425531119765,0.06568627450980391,-0.10799999999999998,-0.1159090909090909,0.10800000000000001,0.0,-0.008442417275435404
banking77_oos,kir50_seed42,42,best_controlled_baseline,0.8977135980746089,0.8453990499475623,0.8348039215686275,0.874,0.15227272727272728,0.126,0.0,0.09038901601830664,0.03615326397117902,0.02174720058512314,0.050980392156862786,-0.0030000000000000027,-0.06071428571428569,0.0030000000000000027,0.0,-0.02705682206607192
banking77_oos,kir50_seed42,42,ce_recon_selected_k,0.9025641025641026,0.7769303489357037,0.8372549019607843,0.763,0.11428571428571428,0.237,0.0,0.0982961992136304,0.04100376846067266,-0.04672150042673551,0.05343137254901964,-0.11399999999999999,-0.09870129870129869,0.11399999999999999,0.0,-0.01914963887074815
banking77_oos,kir50_seed42,42,frozen_k1,0.8615603341034299,0.8236518493624392,0.7838235294117647,0.877,0.21298701298701297,0.123,0.0,0.11744583808437856,0.0,0.0,0.0,0.0,0.0,0.0,0.0,0.0
banking77_oos,kir50_seed42,42,frozen_selected_k,0.9048397645519948,0.7589868816561121,0.8399509803921569,0.731,0.10162337662337663,0.269,0.0,0.09712722298221614,0.04327943044856486,-0.06466496770632713,0.05612745098039218,-0.14600000000000002,-0.11136363636363635,0.14600000000000002,0.0,-0.020318615102162416
banking77_oos,kir50_seed87,87,best_controlled_baseline,0.824995418728239,0.8193971914961261,0.740686274509804,0.874,0.26915584415584415,0.126,0.0,0.11784897025171624,-0.025220098513140332,0.013220622067606547,-0.025490196078431393,-0.0050000000000000044,0.03766233766233765,0.0050000000000000044,0.0,-0.018669801079341783
banking77_oos,kir50_seed87,87,ce_recon_selected_k,0.889500860585198,0.8121788133162192,0.8181372549019608,0.854,0.16103896103896104,0.146,0.0,0.117096018735363,0.03928534334381861,0.006002243887699654,0.05196078431372542,-0.025000000000000022,-0.07045454545454546,0.024999999999999994,0.0,-0.019422752595695023
banking77_oos,kir50_seed87,87,frozen_k1,0.8502155172413793,0.8061765694285196,0.7661764705882353,0.879,0.2314935064935065,0.121,0.0,0.13651877133105803,0.0,0.0,0.0,0.0,0.0,0.0,0.0,0.0
banking77_oos,kir50_seed87,87,frozen_selected_k,0.8502155172413793,0.8061765694285196,0.7661764705882353,0.879,0.2314935064935065,0.121,0.0,0.13651877133105803,0.0,0.0,0.0,0.0,0.0,0.0,0.0,0.0
clinc150,kir50_seed13,13,best_controlled_baseline,0.8960648843496546,0.8296169593888474,0.8530909090909091,0.8111111111111111,0.08215384615384616,0.18888888888888888,0.027945205479452055,0.03664036076662908,0.026474155289950896,0.04856587627549114,0.03509090909090917,0.07911111111111113,-0.005846153846153834,-0.07911111111111113,-0.000591527975314185,-0.003984639233370918
clinc150,kir50_seed13,13,ce_recon_selected_k,0.8958748221906117,0.7869203374858047,0.8523636363636363,0.7195555555555555,0.03107692307692308,0.28044444444444444,0.019765287214329835,0.030245746691871456,0.02628409313090796,0.005869254372448451,0.034363636363636374,-0.01244444444444448,-0.056923076923076917,0.012444444444444425,-0.008771446240436406,-0.010379253308128545
clinc150,kir50_seed13,13,frozen_k1,0.8695907290597037,0.7810510831133562,0.818,0.732,0.088,0.268,0.02853673345476624,0.040625,0.0,0.0,0.0,0.0,0.0,0.0,0.0,0.0
clinc150,kir50_seed13,13,frozen_selected_k,0.8695907290597037,0.7810510831133562,0.818,0.732,0.088,0.268,0.02853673345476624,0.040625,0.0,0.0,0.0,0.0,0.0,0.0,0.0,0.0
clinc150,kir50_seed42,42,best_controlled_baseline,0.9141899100746838,0.8619492163572041,0.8752727272727273,0.8613333333333333,0.07723076923076923,0.13866666666666666,0.029411764705882353,0.03508771929824561,0.032553704678687234,0.07611260343548543,0.04218181818181821,0.13022222222222213,0.012307692307692311,-0.13022222222222224,0.000840336134453782,0.0006696967700854095
clinc150,kir50_seed42,42,ce_recon_selected_k,0.895423899010185,0.7998364395037556,0.8532727272727273,0.7333333333333333,0.03969230769230769,0.26666666666666666,0.022424242424242423,0.02541847489150651,0.013787693614188523,0.013999826582036912,0.02018181818181819,0.0022222222222221255,-0.025230769230769223,-0.0022222222222222365,-0.006147186147186148,-0.008999547636653692
clinc150,kir50_seed42,42,frozen_k1,0.8816362053959965,0.7858366129217187,0.8330909090909091,0.7311111111111112,0.06492307692307692,0.2688888888888889,0.02857142857142857,0.0344180225281602,0.0,0.0,0.0,0.0,0.0,0.0,0.0,0.0
clinc150,kir50_seed42,42,frozen_selected_k,0.8816362053959965,0.7858366129217187,0.8330909090909091,0.7311111111111112,0.06492307692307692,0.2688888888888889,0.02857142857142857,0.0344180225281602,0.0,0.0,0.0,0.0,0.0,0.0,0.0,0.0
clinc150,kir50_seed87,87,best_controlled_baseline,0.9150668100138227,0.8638985660367187,0.8747272727272727,0.8746666666666667,0.08338461538461539,0.12533333333333332,0.027947154471544715,0.042341871406168324,0.025564047582883553,0.07583784505478863,0.03399999999999992,0.12755555555555564,0.024615384615384622,-0.12755555555555556,0.0035569105691056896,-0.0033898359109048454
clinc150,kir50_seed87,87,ce_recon_selected_k,0.9085975435589831,0.8035563378538699,0.868,0.7462222222222222,0.02123076923076923,0.25377777777777777,0.022036926742108397,0.02984165651644336,0.01909478112804397,0.015495616871939899,0.027272727272727226,-0.000888888888888828,-0.037538461538461534,0.0008888888888888835,-0.002353317160330628,-0.01589005080062981
clinc150,kir50_seed87,87,frozen_k1,0.8895027624309392,0.78806072098193,0.8407272727272728,0.7471111111111111,0.05876923076923077,0.2528888888888889,0.024390243902439025,0.04573170731707317,0.0,0.0,0.0,0.0,0.0,0.0,0.0,0.0
clinc150,kir50_seed87,87,frozen_selected_k,0.8895027624309392,0.78806072098193,0.8407272727272728,0.7471111111111111,0.05876923076923077,0.2528888888888889,0.024390243902439025,0.04573170731707317,0.0,0.0,0.0,0.0,0.0,0.0,0.0,0.0
stackoverflow,kir50_seed13,13,best_controlled_baseline,0.8585284280936455,0.8424456643115151,0.8215358931552588,0.8601468624833111,0.1426185704742819,0.13985313751668893,0.0,0.08653473030655802,0.09229236368026728,0.01659934239014149,0.08063439065108513,0.024365821094793016,-0.13426853707414832,-0.024365821094793044,0.0,-0.005717665859576171
stackoverflow,kir50_seed13,13,ce_recon_selected_k,0.8500707213578501,0.8608664252390756,0.8136894824707847,0.9138851802403204,0.19706078824315298,0.08611481975967958,0.0,0.09788166544923302,0.0838346569444719,0.035020103317702,0.07278797996661102,0.07810413885180234,-0.07982631930527723,-0.0781041388518024,0.0,0.005629269283098828
stackoverflow,kir50_seed13,13,frozen_k1,0.7662360644133782,0.8258463219213736,0.7409015025041736,0.835781041388518,0.2768871075484302,0.16421895861148197,0.0,0.09225239616613419,0.0,0.0,0.0,0.0,0.0,0.0,0.0,0.0
stackoverflow,kir50_seed13,13,frozen_selected_k,0.735515425131678,0.829868195667709,0.7161936560934892,0.8775033377837116,0.3470273881095524,0.12249666221628838,0.0,0.11182959300114112,-0.030720639281700213,0.004021873746335336,-0.024707846410684464,0.04172229639519354,0.0701402805611222,-0.04172229639519359,0.0,0.01957719683500693
stackoverflow,kir50_seed42,42,best_controlled_baseline,0.8609687551661431,0.8523173311289733,0.8293823038397329,0.8503174072836619,0.13113113113113112,0.14968259271633813,0.0,0.07111984282907662,0.01738873209048797,0.013896624249566947,0.018697829716193604,0.021049114600735108,-0.015015015015015037,-0.021049114600735053,0.0,-0.0034168211515841485
stackoverflow,kir50_seed42,42,ce_recon_selected_k,0.9054287962234461,0.8625387463359235,0.8771285475792988,0.8392916805880387,0.04004004004004004,0.16070831941196123,0.0,0.05374203821656051,0.061848773147790914,0.024118039456517137,0.06644407345575953,0.010023387905111925,-0.10610610610610612,-0.010023387905111952,0.0,-0.020794625764100252
stackoverflow,kir50_seed42,42,frozen_k1,0.8435800230756552,0.8384207068794064,0.8106844741235393,0.8292682926829268,0.14614614614614616,0.17073170731707318,0.0,0.07453666398066076,0.0,0.0,0.0,0.0,0.0,0.0,0.0,0.0
stackoverflow,kir50_seed42,42,frozen_selected_k,0.8435800230756552,0.8384207068794064,0.8106844741235393,0.8292682926829268,0.14614614614614616,0.17073170731707318,0.0,0.07453666398066076,0.0,0.0,0.0,0.0,0.0,0.0,0.0,0.0
stackoverflow,kir50_seed87,87,best_controlled_baseline,0.7777777777777778,0.8738762749177876,0.7707846410684475,0.85437541750167,0.27102803738317754,0.14562458249833,0.0,0.04886630179827991,0.01693515076414709,0.018807163432528307,0.02053422370617697,0.022712090848363342,-0.011682242990654235,-0.022712090848363398,0.0,-0.009366629928627725
stackoverflow,kir50_seed87,87,ce_recon_selected_k,0.8730082085948817,0.8768492030883168,0.8545909849749582,0.8313293253173013,0.09479305740987984,0.16867067468269872,0.0,0.03294495781438329,0.112165581581251,0.021780091603057494,0.10434056761268773,-0.00033400133600536286,-0.18791722296395194,0.0003340013360053351,0.0,-0.025287973912524346
stackoverflow,kir50_seed87,87,frozen_k1,0.7608426270136307,0.8550691114852593,0.7502504173622705,0.8316633266533067,0.2827102803738318,0.1683366733466934,0.0,0.05823293172690763,0.0,0.0,0.0,0.0,0.0,0.0,0.0,0.0
stackoverflow,kir50_seed87,87,frozen_selected_k,0.7608426270136307,0.8550691114852593,0.7502504173622705,0.8316633266533067,0.2827102803738318,0.1683366733466934,0.0,0.05823293172690763,0.0,0.0,0.0,0.0,0.0,0.0,0.0,0.0
