dataset,representation,k_gate,distance,boundary,seed_count,oos_precision_mean,oos_precision_std,oos_recall_mean,oos_recall_std,oos_f1_mean,oos_f1_std,id_recall_mean,id_recall_std,auroc_mean,auroc_std,aupr_oos_mean,aupr_oos_std,fpr95_mean,fpr95_std,false_accept_rate_mean,false_accept_rate_std,false_reject_rate_mean,false_reject_rate_std,scoring_seconds_mean,scoring_seconds_std,samples_per_second_mean,samples_per_second_std,peak_rss_kib_mean,peak_rss_kib_std,effective_cluster_count_mean,effective_cluster_count_std,minimum_cluster_size_mean,minimum_cluster_size_std
banking77,frozen_minilm,1,euclidean,mean_std,110,0.7584911635631574,0.20574511094852968,0.69778719093272,0.12363766650230389,0.7214479296713823,0.1622656733192573,0.8561972082794242,0.014759266586749696,0.8712079437163429,0.040133888155088206,0.7725382950307047,0.2069187964270826,0.4370723600573879,0.1009157037547239,0.30221280906728,0.1236376665023039,0.14380279172057572,0.014759266586749696,0.18486043286022985,0.09206473822049335,23544.198407480315,16339.11794692333,1702608.0,0.0,38.45454545454545,19.90511269145148,45.736363636363635,19.90835759805104
banking77,frozen_minilm,1,mahalanobis_diag,mean_std,110,0.7687372227601936,0.19631153563295867,0.7806683077502203,0.09753688350664086,0.7679947065364042,0.15066540808915302,0.8457816015725438,0.014535629732604548,0.8900646784248486,0.03586656283459384,0.7956543366519557,0.19385799629590905,0.3969723695724894,0.10731065867106981,0.21933169224977964,0.09753688350664086,0.1542183984274562,0.01453562973260455,0.3966732356178744,0.21575667504212964,11967.19532600966,9740.807381453169,1702608.0,0.0,38.45454545454545,19.90511269145148,45.736363636363635,19.90835759805104
banking77,frozen_minilm,2,euclidean,mean_std,110,0.7398070893181364,0.21361233975401137,0.7447203449644213,0.09947064173344267,0.7332891693898154,0.16143698517947444,0.8233316402643759,0.014145724278387407,0.8725490329044947,0.03647445940255073,0.7756865333261042,0.20377398686752274,0.4316837312959339,0.10482524902603119,0.2552796550355787,0.09947064173344267,0.17666835973562411,0.014145724278387407,0.4472829758210785,0.2189414691251878,9517.640033142809,6547.068304498369,1702608.0,0.0,76.9090909090909,39.81022538290296,10.845454545454546,4.979197760879922
banking77,frozen_minilm,2,mahalanobis_diag,mean_std,110,0.7463266364232124,0.20635662547948427,0.7927622823839148,0.09485227386485594,0.7597705646392361,0.1581712242550895,0.8161428680322724,0.017903305026671708,0.8864565599248891,0.0343715584914748,0.790386229335055,0.195116280380286,0.38969900215373526,0.10585546388698842,0.2072377176160852,0.09485227386485594,0.18385713196772763,0.017903305026671708,0.8238974130574868,0.39667122063455523,5212.004049859588,3580.7433369524533,1702608.0,0.0,76.9090909090909,39.81022538290296,10.845454545454546,4.979197760879922
banking77,frozen_minilm,3,euclidean,mean_std,110,0.7393585020265415,0.21071603278911405,0.7870081541100465,0.08362765147764967,0.7519623238826952,0.1570005103943636,0.8096260815460117,0.01447469116583925,0.8817348951184867,0.033298497439562015,0.7935313532931463,0.1886960310519924,0.4123609052451874,0.09724515440115832,0.21299184588995348,0.08362765147764967,0.19037391845398835,0.014474691165839248,0.624005137605127,0.28498472045188394,6823.4532776016595,4909.7200197038665,1702608.0,0.0,115.36363636363636,59.71533807435444,8.481818181818182,2.4107245786613207
banking77,frozen_minilm,3,mahalanobis_diag,mean_std,110,0.7356681674480745,0.20894222091535905,0.8380558947326877,0.07720920456451012,0.7717908552991847,0.15837597081081203,0.7879718353087223,0.01994924199598184,0.8878366632521363,0.032252896451316244,0.7897478419106669,0.19345554252577832,0.38101566579804114,0.0975072948941287,0.16194410526731223,0.07720920456451012,0.2120281646912777,0.019949241995981845,1.207294273641045,0.5883324946855026,3657.310116245094,2696.388883847728,1702608.0,0.0,115.36363636363636,59.71533807435444,8.481818181818182,2.4107245786613207
banking77,frozen_minilm,4,euclidean,mean_std,110,0.7313997775163658,0.2145914996126683,0.8208014160870212,0.076408462454504,0.7616473329406089,0.16156180628961633,0.7900847095027455,0.015415966792115137,0.8826635924084707,0.033066487412467004,0.7903012126616258,0.19192394828724513,0.40228363318190846,0.09853043837862566,0.1791985839129788,0.076408462454504,0.2099152904972545,0.015415966792115142,0.7998382084569047,0.38183845180334974,5397.127413019998,3699.0416680524813,1702608.0,0.0,153.8181818181818,79.62045076580593,3.2363636363636363,2.2460047004095705
banking77,frozen_minilm,4,mahalanobis_diag,mean_std,110,0.7214463355664671,0.21505433368778676,0.8774925467478498,0.058328131569217595,0.7775937558522131,0.16380178518009847,0.7558759219330715,0.018805454671333464,0.8910438821748998,0.03136856854271032,0.7942078564027817,0.18922243008594486,0.37082431667070204,0.1022521501995288,0.12250745325215019,0.0583281315692176,0.24412407806692854,0.01880545467133346,1.566732244651807,0.7888475824982147,2892.9559197181998,2157.4191625512217,1702608.0,0.0,153.8181818181818,79.62045076580593,3.2363636363636363,2.2460047004095705
banking77,frozen_minilm,5,euclidean,mean_std,110,0.7261745601704801,0.2163336275546906,0.8485205114770326,0.06628125902282678,0.7694209389304931,0.16391084330917996,0.7738783857399257,0.015585919530338593,0.8869946932120595,0.03089746883933731,0.7879738798851401,0.19572778480669553,0.3870920457656519,0.09311727476834725,0.15147948852296741,0.06628125902282678,0.22612161426007427,0.015585919530338593,0.9915265334918248,0.4890803201078916,4464.52404449641,3203.6942106819706,1702608.0,0.0,192.27272727272728,99.5255634572574,2.018181818181818,1.5324132085923245
banking77,frozen_minilm,5,mahalanobis_diag,mean_std,110,0.7037819417297869,0.22177308077107558,0.9095539025374361,0.045935121838189756,0.7764778984773978,0.1721625668990129,0.7152418814205509,0.019941104146629963,0.8937295386868599,0.030360791064823155,0.7926885107013764,0.1956100678885888,0.3611108368081912,0.09553060665275805,0.09044609746256392,0.045935121838189756,0.2847581185794491,0.019941104146629956,1.9404813861707226,0.9937885489238321,2388.502717250507,1870.2195099736205,1702608.0,0.0,192.27272727272728,99.5255634572574,2.018181818181818,1.5324132085923245
clinc150,frozen_minilm,1,euclidean,mean_std,110,0.8434505063647454,0.10820342062385507,0.9196923583971075,0.029279710396553575,0.8772180115725562,0.07078632713167748,0.7844145342312009,0.014072421695582626,0.9306296019233687,0.016646671380101966,0.9247635764884788,0.05787853632649076,0.2888680702176316,0.07859249430958186,0.08030764160289251,0.029279710396553575,0.2155854657687991,0.014072421695582628,0.6296409685175274,0.339235243103253,13669.68715345404,10294.44924001318,1507651.7818181817,276515.41210995323,75.0,38.596952867321036,100.0,0.0
clinc150,frozen_minilm,1,mahalanobis_diag,mean_std,110,0.8293659760971624,0.11632339991825857,0.9422523408788204,0.021568851667106433,0.8786079547532657,0.07494989299529262,0.7525118357763094,0.015875056426731933,0.9268701430179821,0.0177419121564795,0.9160550375632677,0.062862764253385,0.2682848683155701,0.07776736180454556,0.057747659121179684,0.02156885166710643,0.24748816422369055,0.015875056426731936,1.2975172446553849,0.7051981111190769,6837.625951216334,5537.216202162755,1507699.5272727273,276548.37547772867,75.0,38.596952867321036,100.0,0.0
clinc150,frozen_minilm,2,euclidean,mean_std,110,0.8312773135109902,0.11595652504875097,0.9428870916524349,0.02062871915094748,0.8799189401164415,0.07406382610672455,0.7574457089693932,0.012588440678386657,0.9292531150473428,0.014921447980710692,0.9180422425390624,0.06367909646142737,0.25660408175320454,0.06383840375854075,0.05711290834756508,0.020628719150947487,0.24255429103060683,0.01258844067838666,1.3045489575682123,0.6866426454864736,6464.600422945176,4745.708484000801,1507734.4363636363,276568.66046055447,150.0,77.19390573464207,12.972727272727273,2.8557332993875715
clinc150,frozen_minilm,2,mahalanobis_diag,mean_std,110,0.8119766616952753,0.1265249147372754,0.9593957798970554,0.015260489942534552,0.8746783564334456,0.08120264802924393,0.7138435729475203,0.0164815113866822,0.9264554420409042,0.017397856257930142,0.9177409873774314,0.06072979193407579,0.2498904816755694,0.06357833968175305,0.04060422010294463,0.015260489942534546,0.2861564270524797,0.016481511386682204,2.656235619172962,1.4492104500467906,3326.400914323331,2630.5683822195374,1507754.2545454546,276580.4379979972,150.0,77.19390573464207,12.972727272727273,2.8557332993875715
clinc150,frozen_minilm,3,euclidean,mean_std,110,0.8224586228906854,0.12113153189728304,0.9467382371582826,0.019494853849309313,0.8760994471332648,0.0777425235435163,0.7393214281494983,0.013332711296423085,0.9206134883964529,0.016198271763291226,0.8999043517576296,0.07879407328635515,0.2657496343974414,0.06309743713336084,0.05326176284171734,0.019494853849309313,0.2606785718505017,0.013332711296423086,1.9476017081570303,1.0593856295604926,4500.058971623125,3511.4985333231657,1507754.9090909092,276580.12005689944,225.0,115.79085860196312,3.672727272727273,2.623496829235904
clinc150,frozen_minilm,3,mahalanobis_diag,mean_std,110,0.7925445888341263,0.1369565889072972,0.9668397248233797,0.013370659156084331,0.8649432586136399,0.08933146702226698,0.6695749820679645,0.017266686537877184,0.9176977744023161,0.01932637714207532,0.9071681489636738,0.06769536015712739,0.2643407991780799,0.06389670887249181,0.033160275176620305,0.013370659156084331,0.3304250179320355,0.01726668653787718,3.93590276904764,2.1515590394168282,2279.1240217595155,1869.5917311986466,1507754.981818182,276580.16499396955,225.0,115.79085860196312,3.672727272727273,2.623496829235904
clinc150,frozen_minilm,4,euclidean,mean_std,110,0.8014444762356797,0.13257267903786282,0.9566950410301635,0.016238170590139295,0.8668369942746053,0.08624629722870242,0.6936106168198274,0.015683337709181948,0.9153178288034989,0.0167453175893497,0.8987686241868226,0.07918666927554739,0.28175348366708014,0.0667121618554686,0.04330495896983659,0.016238170590139295,0.30638938318017267,0.015683337709181948,2.529509826718872,1.3611937475310814,3465.9702672016906,2737.550033404964,1507755.6,276580.54290243465,300.0,154.38781146928415,3.609090909090909,0.7050987899481334
clinc150,frozen_minilm,4,mahalanobis_diag,mean_std,110,0.7686914239422729,0.14847616099685493,0.9721434181193073,0.011616338033093473,0.8509604694302655,0.09954581068988766,0.6104074489675367,0.019314194393706706,0.9086117767368289,0.024725004969769242,0.8929598417198322,0.08267369582349357,0.285656104064876,0.06869512835311517,0.027856581880692715,0.01161633803309348,0.3895925510324633,0.019314194393706706,5.261872792906466,2.918121517315139,1726.6598396754923,1433.4570035748375,1502279.8545454545,277153.6358747331,300.0,154.38781146928415,3.609090909090909,0.7050987899481334
clinc150,frozen_minilm,5,euclidean,mean_std,110,0.7923849700634785,0.13701165612403787,0.9630848621470982,0.01382584508572965,0.8634435701697153,0.08967538100016108,0.6700147449853591,0.015734696264261838,0.9089696407323414,0.017480118472988374,0.887137420530501,0.08757529760039383,0.2794078403078403,0.0573716508062793,0.03691513785290181,0.013825845085729656,0.329985255014641,0.015734696264261838,3.1477005000734195,1.708622910008325,2822.0063877156276,2260.3869776086513,1502495.5272727273,276910.90203551593,375.0,192.9847643366052,1.8,0.9167153170298096
clinc150,frozen_minilm,5,mahalanobis_diag,mean_std,110,0.7558694215218876,0.15369885885467244,0.978736340286743,0.008704021635384676,0.8444751738294849,0.10410712420578991,0.5736889306599833,0.018947374282468087,0.8999507728548469,0.02646968067899584,0.879039761647943,0.09212160779723559,0.28779671885943814,0.06291043746870033,0.021263659713257003,0.008704021635384673,0.4263110693400167,0.018947374282468087,6.544431438221893,3.6203580285236585,1391.3880876124294,1160.6244182698465,1502531.8181818181,276873.83587495843,375.0,192.9847643366052,1.8,0.9167153170298096
stackoverflow,frozen_minilm,1,euclidean,mean_std,110,0.7783170555915597,0.1920465129693682,0.7404725108225109,0.15352872489639816,0.7512464497980487,0.1622998595491192,0.8662883898508899,0.01491505264092952,0.8976840127725669,0.036943479803782556,0.7811064320774347,0.19921439707369895,0.2900831228956229,0.09574848617444645,0.2595274891774892,0.15352872489639816,0.13371161014911015,0.014915052640929521,0.12593239392471414,0.06584624847321816,64411.551259593674,39422.045628054875,1741656.0,0.0,10.0,5.15805240252132,600.0,0.0
stackoverflow,frozen_minilm,1,mahalanobis_diag,mean_std,110,0.7567378362073209,0.20618346298050758,0.7827752405002405,0.132006749205968,0.7596412997753861,0.16403340000124444,0.838451473063973,0.010821439510748463,0.8943501545244108,0.0412853001354672,0.7857492983184198,0.19986133846683596,0.2951257635882636,0.09861278561763547,0.2172247594997595,0.132006749205968,0.16154852693602695,0.010821439510748465,0.22896279976809059,0.12291073471225077,38663.395482755885,29315.72641010056,1741656.0,0.0,10.0,5.15805240252132,600.0,0.0
stackoverflow,frozen_minilm,2,euclidean,mean_std,110,0.7228004031841312,0.23648591757268847,0.5535158790283791,0.19321422722207648,0.6200056282521252,0.20595110875151626,0.8685322811447811,0.014855899179633219,0.8326375386804553,0.05583800894638669,0.6946304174321453,0.2464585031340185,0.46164276094276097,0.12435302764028702,0.446484120971621,0.19321422722207648,0.13146771885521885,0.014855899179633213,0.2838325892374004,0.13611324707075684,28430.610149073094,18940.97468459376,1741656.0,0.0,20.0,10.31610480504264,120.51818181818182,37.508343247571574
stackoverflow,frozen_minilm,2,mahalanobis_diag,mean_std,110,0.7714914346078978,0.20430035561184373,0.6128761002886003,0.17930350618843158,0.6774423340277711,0.1843137663543944,0.8897088924963925,0.022908813550226052,0.8708904974376703,0.050176374690444045,0.7700049846704577,0.2142175723877328,0.4088935245310245,0.12364041960674257,0.3871238997113997,0.17930350618843158,0.1102911075036075,0.02290881355022605,0.4880321416294795,0.2361931442033769,17229.392580158354,12434.068620760185,1741656.0,0.0,20.0,10.31610480504264,120.51818181818182,37.508343247571574
stackoverflow,frozen_minilm,3,euclidean,mean_std,110,0.6679240690671778,0.2639132101984204,0.4698507455507456,0.18269525607198783,0.5438044381645895,0.21099204587204473,0.8483740740740741,0.013369683143302584,0.7823248463774651,0.06161682193673289,0.6451865006046298,0.2617598722313931,0.5467390933140933,0.11113229715810446,0.5301492544492544,0.18269525607198783,0.15162592592592591,0.01336968314330258,0.36467731591335245,0.17252436367483162,22488.9503465148,15835.745436201614,1741656.0,0.0,30.0,15.47415720756396,65.06363636363636,18.95493316376247
stackoverflow,frozen_minilm,3,mahalanobis_diag,mean_std,110,0.7727323320119167,0.2032912291550417,0.5479175384800384,0.1870248989792311,0.634407511503643,0.18952915531959863,0.9018111111111111,0.033109067663781626,0.8544511005551547,0.055674944012544365,0.76051315539403,0.21761313029949175,0.47850904280904283,0.12848606207265215,0.4520824615199615,0.18702489897923114,0.0981888888888889,0.033109067663781626,0.6855916144421578,0.3548967326646607,12307.758108293085,8269.027628288262,1741656.0,0.0,30.0,15.47415720756396,65.06363636363636,18.95493316376247
stackoverflow,frozen_minilm,4,euclidean,mean_std,110,0.6662638166139732,0.2603376565949173,0.47145812890812894,0.169581793599601,0.5444304900958823,0.20212271906563384,0.842161063011063,0.01295758097725943,0.7868676030032468,0.051767524018087076,0.6468204179950552,0.2566164517360966,0.529715842953343,0.10163480695386574,0.5285418710918711,0.16958179359960096,0.157838936988937,0.01295758097725943,0.46128647224448455,0.20686479827465473,17214.444425004152,11229.022245852353,1741656.0,0.0,40.0,20.63220961008528,46.14545454545455,12.273516176417306
stackoverflow,frozen_minilm,4,mahalanobis_diag,mean_std,110,0.7687480859461663,0.2052802749033456,0.5523242604617604,0.17926416173712145,0.6368305265387327,0.18505498589921004,0.8979017917267917,0.030071750849667178,0.8530886018638769,0.052669395746091446,0.7565947366895557,0.2184198351546891,0.4786145322270322,0.11981987065374698,0.4476757395382395,0.17926416173712145,0.10209820827320827,0.030071750849667178,0.8410036471820521,0.3999408772954964,9748.304241089721,6503.375948209579,1741656.0,0.0,40.0,20.63220961008528,46.14545454545455,12.273516176417306
stackoverflow,frozen_minilm,5,euclidean,mean_std,110,0.6562641333480266,0.26129124795416636,0.46859550865800864,0.16891032498108305,0.5375971439324781,0.20135967053041415,0.8315508958633958,0.014481972900486707,0.7801576123797499,0.04974204097778424,0.6405123858421056,0.25586660030237907,0.5295768638768639,0.10424177668778,0.5314044913419913,0.16891032498108305,0.16844910413660413,0.014481972900486709,0.5673454417667182,0.28385599456488025,14421.560118855712,9593.073546367328,1741656.0,0.0,50.0,25.7902620126066,37.91818181818182,9.06867966091685
stackoverflow,frozen_minilm,5,mahalanobis_diag,mean_std,110,0.7519272379273896,0.21158174540545888,0.5588847703222704,0.17742391769789104,0.6355955261962062,0.18667603474501138,0.8822557178932179,0.03295346922962707,0.8487641277537278,0.05217651916061863,0.7468888601278002,0.2237876580064499,0.4728489538239538,0.12218675925307791,0.44111522967772965,0.17742391769789104,0.1177442821067821,0.03295346922962707,1.061162491641219,0.5500883979218643,8172.670198921988,6020.410488407376,1741656.0,0.0,50.0,25.7902620126066,37.91818181818182,9.06867966091685
