dataset,kir,method,n_seeds,oos_f1_mean,oos_f1_std,f1_all_mean,f1_all_std,id_recall_mean,id_recall_std,false_accept_rate_mean,false_accept_rate_std,accuracy_mean,accuracy_std,auroc_mean,auroc_std
banking77,0.25,fixed_k2,5,0.8577784166123713,0.03175919520536074,0.7109974813224451,0.022029938729008977,0.8189473684210526,0.019771898690801922,0.2032758620689655,0.05330347459857209,0.7975974025974026,0.03756887754457832,0.8880257486388384,0.021953849487349755
banking77,0.25,mogb_minilm,5,0.9029919725157672,0.004345545482740958,0.5587572321670984,0.02977453622624809,0.39973684210526306,0.02262622335652819,0.01499999999999994,0.0064106870491649265,0.8401948051948052,0.007490084523308216,0.8690423094373866,0.02554765002981928
banking77,0.25,mogb_partition_ours_boundary,5,0.9205598966754222,0.004509605546132503,0.711496683111129,0.030328603017370847,0.616842105263158,0.03248961052773284,0.0401724137931034,0.0047354979196455845,0.8742857142857142,0.00787429704085837,0.8916474591651543,0.012543410063866613
banking77,0.25,trainable_k1,5,0.9165382964914104,0.01797609026854935,0.7851015718978598,0.025622005001927704,0.8184210526315789,0.00778431550407842,0.10327586206896547,0.033607700850852316,0.8752597402597402,0.023364670465048167,0.922975612522686,0.01404400578794969
banking77,0.5,fixed_k2,5,0.7546157036165422,0.021528536775831147,0.7616393362174011,0.010872629981106371,0.8255263157894737,0.007030552635469774,0.2905128205128205,0.03548121800378637,0.747922077922078,0.015205415875648547,0.859762230094467,0.013002373982499567
banking77,0.5,mogb_minilm,5,0.7499368546965274,0.006406834213942431,0.48600815327809965,0.025079511841738577,0.33407894736842103,0.02139119217091644,0.01089743589743584,0.004902903378454607,0.6651298701298701,0.010930039410323082,0.8356215418353576,0.012156138383550084
banking77,0.5,mogb_partition_ours_boundary,5,0.7939747596576892,0.007797331809627127,0.6480972658162544,0.01976537364287046,0.5218421052631579,0.020199618424305312,0.03499999999999994,0.00870238051874111,0.7438311688311688,0.011074712922604249,0.8545895748987855,0.00975397775110571
banking77,0.5,trainable_k1,5,0.8356406184886493,0.018251144545811386,0.8167355797722488,0.010483055215298546,0.8221052631578948,0.0048030821706431465,0.15743589743589742,0.03434605574205228,0.8216883116883118,0.015263884488375887,0.9014173414304993,0.011115850513844118
banking77,0.75,fixed_k2,5,0.5931096142882415,0.025728699487870394,0.802629197197889,0.007806121199534448,0.8313793103448276,0.0037502477127855584,0.3607894736842105,0.04020592767862238,0.7449999999999999,0.01025326525910667,0.8322200544464609,0.015458994332941428
banking77,0.75,mogb_minilm,5,0.4763444315858617,0.004103773735430727,0.42392825044969384,0.016952957950860673,0.28767241379310343,0.012201397797159081,0.00763157894736838,0.003767847648230626,0.4599350649350649,0.009159067315142915,0.7977400181488203,0.02025121227313486
banking77,0.75,mogb_partition_ours_boundary,5,0.5313316683894658,0.005918725520325329,0.5860713489392462,0.023848313965377736,0.45862068965517244,0.024356308956183875,0.040526315789473646,0.019302232443044447,0.5781818181818182,0.014288296696932696,0.8104557622504537,0.017405568283162295
banking77,0.75,trainable_k1,5,0.6865343253584565,0.027084540089959898,0.8413111725848881,0.00771237040458175,0.824137931034483,0.00405493269875577,0.19605263157894734,0.0458076189092874,0.7968831168831169,0.012071199777073514,0.8890411751361162,0.016986688566853314
clinc150,0.25,fixed_k2,5,0.9447183904938932,0.007981186969528386,0.7801346791980823,0.01960645733360547,0.7435087719298246,0.0065231552430098805,0.04728070175438592,0.014850555949313596,0.9096491228070175,0.012533120172643644,0.9344876500461681,0.009191535369763625
clinc150,0.25,mogb_minilm,5,0.9238361040438378,0.0029534277865939187,0.5224035964713534,0.032761230904904355,0.37105263157894736,0.026693200095970083,0.006578947368420999,0.002176472943122702,0.8688771929824561,0.005504132586605518,0.9060657894736842,0.014568116456954671
clinc150,0.25,mogb_partition_ours_boundary,5,0.9413139384002536,0.004982739043635982,0.7016229766010627,0.034783684884718016,0.6017543859649124,0.04404784186583784,0.022368421052631537,0.006138392544858933,0.9017192982456141,0.00858699798056641,0.9274617189904586,0.01722009706747917
clinc150,0.25,trainable_k1,5,0.9516427437131565,0.006493831244298979,0.7968993956538231,0.019459710746000586,0.7363157894736843,0.008358687192681818,0.03236842105263154,0.011023527540387061,0.9208421052631579,0.010334063060642464,0.9588536088027085,0.012065791586742345
clinc150,0.5,fixed_k2,5,0.892005798496586,0.0026452264822166512,0.8009431390043901,0.009986593104864928,0.7513777777777777,0.01311901833123612,0.06440579710144924,0.005931060927178788,0.856561403508772,0.004453169336970755,0.924975458937198,0.00276875004629425
clinc150,0.5,mogb_minilm,5,0.8131951016346013,0.0029937394053626528,0.44953800389890197,0.017795263450771055,0.3157333333333333,0.013693649965685428,0.00904347826086952,0.0015255301295003965,0.7237894736842104,0.005768969538955559,0.8764096876006441,0.007663174447065298
clinc150,0.5,mogb_partition_ours_boundary,5,0.8555543863002324,0.004191319483426519,0.645981713026754,0.021726743482571444,0.5334222222222222,0.018977309387922695,0.02498550724637676,0.0032497394592867082,0.7985263157894738,0.00728186420650273,0.9052768824476651,0.00864331335379013
clinc150,0.5,trainable_k1,5,0.9043941395821132,0.004441963320551504,0.8181661694793956,0.009203410142646926,0.7444444444444445,0.0033847880470506565,0.036927536231884016,0.007571267501376491,0.8734035087719298,0.006461048858704835,0.9532673752012883,0.00548824809011701
clinc150,0.75,fixed_k2,5,0.8150384507030115,0.006304940998015575,0.8143458841089413,0.006901508299221047,0.7580357142857144,0.009493534468890829,0.0732478632478632,0.004952473369510487,0.8151929824561404,0.0064443542303786305,0.9182304385429386,0.0034028459311515307
clinc150,0.75,mogb_minilm,5,0.6593154230507091,0.0041875520903020096,0.4179709109786164,0.015527783903498855,0.29196428571428573,0.012156927538988149,0.00829059829059824,0.0033595288900912035,0.5781754385964912,0.007475825407796428,0.8643049450549449,0.011809260686572367
clinc150,0.75,mogb_partition_ours_boundary,5,0.7197434059711283,0.005944822317859748,0.5960139307329898,0.02330656846289082,0.4808928571428571,0.02038136438446493,0.018888888888888837,0.004288435454462243,0.6826666666666666,0.010703479872400619,0.8967573768823769,0.010832451294774045
clinc150,0.75,trainable_k1,5,0.828493223497581,0.005076623944875164,0.8291245798894671,0.007668826723022183,0.7511904761904763,0.008669352180731855,0.04017094017094012,0.003974588726012444,0.8305964912280702,0.006342050665849298,0.9500434472934473,0.004167084976489912
stackoverflow,0.25,fixed_k2,5,0.8666146611474034,0.04798142689533388,0.767990693403829,0.04449410575340561,0.8521333333333333,0.01548045362527998,0.19471111111111106,0.0830995832765769,0.8107666666666666,0.06143329716041616,0.9027892444444445,0.021474209164574497
stackoverflow,0.25,mogb_minilm,5,0.8944000569448456,0.005949655171098951,0.5407038655227719,0.04633819785305142,0.3261333333333333,0.048486882533091163,0.00937777777777774,0.005384935548750563,0.8243333333333334,0.011034667593040079,0.8672337777777779,0.021979970916551548
stackoverflow,0.25,mogb_partition_ours_boundary,5,0.9259960799998362,0.005335538584498718,0.7345093038010513,0.03907579262030327,0.5910666666666666,0.050757812753856484,0.020311111111111037,0.012352437656162561,0.8820333333333334,0.008784772178162713,0.9164517333333334,0.007589087824444525
stackoverflow,0.25,trainable_k1,5,0.9547969095009252,0.012101466328903058,0.8763726851882936,0.02371170428517426,0.8429333333333332,0.005899152481501018,0.038488888888888836,0.0213913562790392,0.9304666666666666,0.01758566335273009,0.9529569185185185,0.01608608413019215
stackoverflow,0.5,fixed_k2,5,0.6352945072329975,0.043018765630415005,0.7275883031957765,0.02335923330481866,0.8688666666666667,0.012801041624284595,0.4716666666666667,0.05844940832321006,0.6692666666666666,0.02745769473207829,0.8259930444444444,0.010133263774005866
stackoverflow,0.5,mogb_minilm,5,0.729199427573284,0.006249432392941418,0.43298039378929865,0.033995539719519276,0.27093333333333336,0.02369880447054943,0.007933333333333282,0.002575525836277584,0.6305666666666667,0.012082241329966726,0.8476909333333333,0.03540406497216226
stackoverflow,0.5,mogb_partition_ours_boundary,5,0.7924706249591658,0.014867493644347068,0.63344181949998,0.055016434166417376,0.5038666666666667,0.049077376548557365,0.01859999999999998,0.0070134790859379655,0.7407333333333334,0.02383816967246714,0.8663389555555556,0.03989250123356979
stackoverflow,0.5,trainable_k1,5,0.8767066651336372,0.01657004865929603,0.8655077750537565,0.0129768949886664,0.8389333333333333,0.003569936196130745,0.09339999999999998,0.03261168842949139,0.8681333333333333,0.015964109050547667,0.9235181333333333,0.014917396867995555
stackoverflow,0.75,fixed_k2,5,0.43634697678645706,0.07858109845039464,0.7446586353568032,0.019022613164624596,0.8802222222222221,0.008217716483155831,0.6166666666666667,0.0937052115235149,0.6810333333333334,0.02357299537842212,0.7757786962962963,0.026485343989206774
stackoverflow,0.75,mogb_minilm,5,0.4558840331344416,0.004201451885150507,0.33093232311807846,0.02076337155778205,0.21173333333333327,0.014546986451317507,0.006666666666666619,0.004784233364802465,0.40553333333333336,0.010516785524949054,0.8032848592592592,0.04412659084290659
stackoverflow,0.75,mogb_partition_ours_boundary,5,0.5156718868278516,0.009972097867131942,0.4958398225235195,0.036438517307757885,0.3906666666666666,0.029805956816186842,0.01799999999999996,0.010488088481701538,0.5346666666666667,0.021047895117775793,0.792292325925926,0.04256059459285866
stackoverflow,0.75,trainable_k1,5,0.7630378449085173,0.029114150514437897,0.87280021593395,0.0068391139890120346,0.8411555555555555,0.0067263990696690345,0.08799999999999997,0.059708551406905785,0.8443999999999999,0.011747694809337423,0.9290362370370371,0.010096025236218888
