dataset,kir,data_seed,label_ratio,representation,k_variant,requested_k,effective_cluster_count,train_known_count,minimum_cluster_size,minimum_cluster_ratio,invalid_cluster_ratio,covariance_condition_median,oos_f1,id_recall,auroc,aupr_oos,fpr95,near_oos_f1,medium_oos_f1,far_oos_f1,status
clinc150,50,42,0.1,frozen,k1,1,75,750,10,0.013333333333333334,0.0,4309.488436573697,0.7902950499878079,0.23955555555555555,0.8775100170940171,0.8878417069664839,0.4026666666666667,0.36484490398818314,0.6876027022092386,0.5024716487350974,complete
clinc150,50,42,0.1,frozen,k2,2,150,750,1,0.0013333333333333333,0.06,4151.4552784092175,0.7564670240037288,0.07288888888888889,0.8009487863247863,0.8153874895095179,0.5004444444444445,0.3231865284974093,0.6435406698564593,0.45306764551651807,complete
clinc150,50,42,0.1,frozen,frozen_selected_k,1,75,750,10,0.013333333333333334,0.0,4309.488436573697,0.7902950499878079,0.23955555555555555,0.8775100170940171,0.8878417069664839,0.4026666666666667,0.36484490398818314,0.6876027022092386,0.5024716487350974,complete
clinc150,50,42,1.0,ce_recon,k1,1,75,7500,100,0.013333333333333334,0.0,546.2398509104208,0.895423899010185,0.7333333333333333,0.941894564102564,0.9503278824369604,0.22977777777777778,0.5394819962097284,0.8679577464788732,0.7064579256360078,complete
clinc150,50,42,1.0,ce_recon,k2,2,150,7500,1,0.00013333333333333334,0.013333333333333334,483.6505365468108,0.8928368391131325,0.7133333333333334,0.9345772307692308,0.9396257249752206,0.23022222222222222,0.5538832028898254,0.8562062937062938,0.691239827668741,complete
clinc150,50,42,1.0,ce_recon,frozen_selected_k,1,75,7500,100,0.013333333333333334,0.0,546.2398509104208,0.895423899010185,0.7333333333333333,0.941894564102564,0.9503278824369604,0.22977777777777778,0.5394819962097284,0.8679577464788732,0.7064579256360078,complete
clinc150,50,87,0.1,frozen,k1,1,75,750,10,0.013333333333333334,0.0,4428.966384733492,0.801980198019802,0.29333333333333333,0.8702338461538461,0.8678942948455198,0.3622222222222222,0.3902439024390244,0.693050193050193,0.5399305555555556,complete
clinc150,50,87,0.1,frozen,k2,2,150,750,1,0.0013333333333333333,0.03333333333333333,4456.615270310723,0.7648305084745762,0.11244444444444444,0.7513151452991453,0.7696918436152917,0.5644444444444444,0.3427631578947368,0.6425630928942188,0.48304426611441886,complete
clinc150,50,87,0.1,frozen,frozen_selected_k,1,75,750,10,0.013333333333333334,0.0,4428.966384733492,0.801980198019802,0.29333333333333333,0.8702338461538461,0.8678942948455198,0.3622222222222222,0.3902439024390244,0.693050193050193,0.5399305555555556,complete
clinc150,50,87,0.1,ce_recon,k1,1,75,750,10,0.013333333333333334,0.0,696.191976037273,0.8503025519600105,0.5022222222222222,0.9447350427350427,0.9476027616138573,0.192,0.4459591041869523,0.7794407246947617,0.5867158671586716,complete
clinc150,50,87,0.1,ce_recon,k2,2,150,750,1,0.0013333333333333333,0.18,369.6841170295318,0.7970017203244041,0.2688888888888889,0.9417851623931623,0.9433772548490856,0.22177777777777777,0.3621621621621622,0.7064072818133142,0.49149922720247297,complete
clinc150,50,87,0.1,ce_recon,frozen_selected_k,1,75,750,10,0.013333333333333334,0.0,696.191976037273,0.8503025519600105,0.5022222222222222,0.9447350427350427,0.9476027616138573,0.192,0.4459591041869523,0.7794407246947617,0.5867158671586716,complete
clinc150,50,87,0.2,frozen,k1,1,75,1500,20,0.013333333333333334,0.0,3902.5393461177373,0.8559935639581657,0.5484444444444444,0.9037713504273505,0.9061088100269568,0.30133333333333334,0.448559670781893,0.7801295896328294,0.6515775034293553,complete
clinc150,50,87,0.2,frozen,k2,2,150,1500,2,0.0013333333333333333,0.0,3783.954357401525,0.8095059412132583,0.3293333333333333,0.8816201025641025,0.8904245841445396,0.3422222222222222,0.38563937071399756,0.7055609756097561,0.557348195951892,complete
clinc150,50,87,0.2,frozen,frozen_selected_k,1,75,1500,20,0.013333333333333334,0.0,3902.5393461177373,0.8559935639581657,0.5484444444444444,0.9037713504273505,0.9061088100269568,0.30133333333333334,0.448559670781893,0.7801295896328294,0.6515775034293553,complete
clinc150,50,87,0.2,ce_recon,k1,1,75,1500,20,0.013333333333333334,0.0,640.6297419828644,0.888673765730881,0.6586666666666666,0.9508650940170941,0.9548476074320744,0.16533333333333333,0.5245126993502658,0.8353344768439108,0.6813278008298755,complete
clinc150,50,87,0.2,ce_recon,k2,2,150,1500,1,0.0006666666666666666,0.17333333333333334,403.5165284564242,0.8549133712471896,0.5204444444444445,0.9491777094017093,0.9533036334028129,0.17244444444444446,0.45773603559070686,0.7831155778894472,0.6034546122748989,complete
clinc150,50,87,0.2,ce_recon,frozen_selected_k,1,75,1500,20,0.013333333333333334,0.0,640.6297419828644,0.888673765730881,0.6586666666666666,0.9508650940170941,0.9548476074320744,0.16533333333333333,0.5245126993502658,0.8353344768439108,0.6813278008298755,complete
clinc150,50,87,0.4,frozen,k1,1,75,3000,40,0.013333333333333334,0.0,3525.276361707906,0.8775538960123996,0.6742222222222222,0.9074784273504275,0.9075438646844993,0.30177777777777776,0.483343428225318,0.8217939566975969,0.7294204503506829,complete
clinc150,50,87,0.4,frozen,k2,2,150,3000,2,0.0006666666666666666,0.0,3183.059706763508,0.8573340471092077,0.5471111111111111,0.9060135384615384,0.9024449249760268,0.2848888888888889,0.4719324391455539,0.7729897823189693,0.6597662771285476,complete
clinc150,50,87,0.4,frozen,frozen_selected_k,1,75,3000,40,0.013333333333333334,0.0,3525.276361707906,0.8775538960123996,0.6742222222222222,0.9074784273504275,0.9075438646844993,0.30177777777777776,0.483343428225318,0.8217939566975969,0.7294204503506829,complete
clinc150,50,87,0.4,ce_recon,k1,1,75,3000,40,0.013333333333333334,0.0,641.547856041629,0.9013845719129697,0.7164444444444444,0.954812170940171,0.9606563468250053,0.17333333333333334,0.5383597883597884,0.8610627177700348,0.7164444444444444,complete
clinc150,50,87,0.4,ce_recon,k2,2,150,3000,1,0.0003333333333333333,0.08,471.88354696130176,0.8835862068965518,0.6457777777777778,0.9488396581196582,0.954898410717465,0.18622222222222223,0.498812351543943,0.8322458429804251,0.6691573266915732,complete
clinc150,50,87,0.4,ce_recon,frozen_selected_k,1,75,3000,40,0.013333333333333334,0.0,641.547856041629,0.9013845719129697,0.7164444444444444,0.954812170940171,0.9606563468250053,0.17333333333333334,0.5383597883597884,0.8610627177700348,0.7164444444444444,complete
clinc150,50,87,0.6,frozen,k1,1,75,4500,60,0.013333333333333334,0.0,3531.0704469472153,0.888569374550683,0.7266666666666667,0.9098919658119657,0.9044017759672248,0.2728888888888889,0.48592999313658203,0.8482840236686391,0.7542948461845785,complete
clinc150,50,87,0.6,frozen,k2,2,150,4500,5,0.0011111111111111111,0.0,3245.148656307676,0.8790322580645161,0.6528888888888889,0.9215913846153846,0.9196076342058714,0.25555555555555554,0.48568019093078757,0.8210478566568383,0.7073810415886099,complete
clinc150,50,87,0.6,frozen,frozen_selected_k,1,75,4500,60,0.013333333333333334,0.0,3531.0704469472153,0.888569374550683,0.7266666666666667,0.9098919658119657,0.9044017759672248,0.2728888888888889,0.48592999313658203,0.8482840236686391,0.7542948461845785,complete
clinc150,50,87,0.6,ce_recon,k1,1,75,4500,60,0.013333333333333334,0.0,621.2946977121844,0.9058856980381007,0.7342222222222222,0.957972923076923,0.9639136309118086,0.16533333333333333,0.5551075268817204,0.8679911699779249,0.7296564195298373,complete
clinc150,50,87,0.6,ce_recon,k2,2,150,4500,1,0.00022222222222222223,0.02666666666666667,464.3702360110198,0.890937019969278,0.6795555555555556,0.9465393504273505,0.9500576823214947,0.18,0.5164086687306502,0.8450462067483344,0.691220556745182,complete
clinc150,50,87,0.6,ce_recon,frozen_selected_k,1,75,4500,60,0.013333333333333334,0.0,621.2946977121844,0.9058856980381007,0.7342222222222222,0.957972923076923,0.9639136309118086,0.16533333333333333,0.5551075268817204,0.8679911699779249,0.7296564195298373,complete
clinc150,50,87,1.0,frozen,k1,1,75,7500,100,0.013333333333333334,0.0,3408.1021335496794,0.8895027624309392,0.7471111111111111,0.9109910427350428,0.9060497723851522,0.27955555555555556,0.48828956706884313,0.8521400778210116,0.7719438877755511,complete
clinc150,50,87,1.0,frozen,k2,2,150,7500,10,0.0013333333333333333,0.0,3108.315512994163,0.8922419928825622,0.7151111111111111,0.9158283760683761,0.914249795177502,0.23377777777777778,0.5146962769431744,0.8443810881444523,0.7502921698480717,complete
clinc150,50,87,1.0,frozen,frozen_selected_k,1,75,7500,100,0.013333333333333334,0.0,3408.1021335496794,0.8895027624309392,0.7471111111111111,0.9109910427350428,0.9060497723851522,0.27955555555555556,0.48828956706884313,0.8521400778210116,0.7719438877755511,complete
clinc150,50,87,1.0,ce_recon,k1,1,75,7500,100,0.013333333333333334,0.0,590.2843170307339,0.9085975435589831,0.7462222222222222,0.9571101538461538,0.9628677430058757,0.15866666666666668,0.5604395604395604,0.8725730863646507,0.7412777526053467,complete
clinc150,50,87,1.0,ce_recon,k2,2,150,7500,1,0.00013333333333333334,0.006666666666666667,487.0446347977814,0.9010238907849829,0.7271111111111112,0.9438583247863246,0.9480240333986416,0.184,0.5326160053799597,0.864028299801017,0.7271111111111112,complete
clinc150,50,87,1.0,ce_recon,frozen_selected_k,1,75,7500,100,0.013333333333333334,0.0,590.2843170307339,0.9085975435589831,0.7462222222222222,0.9571101538461538,0.9628677430058757,0.15866666666666668,0.5604395604395604,0.8725730863646507,0.7412777526053467,complete
banking77_oos,50,13,0.1,frozen,k1,1,25,319,10,0.03134796238244514,0.0,4190.270207031828,0.9073462324996068,0.607,0.9051431818181819,0.9666527525038182,0.433,0.49829351535836175,0.8811104405552203,0.8520888219796763,complete
banking77_oos,50,13,0.1,frozen,k2,2,50,319,1,0.003134796238244514,0.04,3938.510866701563,0.8853317811408614,0.25,0.8828555194805194,0.9576370149173128,0.478,0.5326215895610913,0.795751633986928,0.7511612475116125,complete
banking77_oos,50,13,0.1,frozen,frozen_selected_k,4,100,319,1,0.003134796238244514,0.24,2939.3600162681532,0.8659822809731402,0.048,0.8638571428571429,0.9494785996625467,0.542,0.5049350649350649,0.7542591636551368,0.7039800995024875,complete
banking77_oos,50,13,0.1,ce_recon,k1,1,25,319,10,0.03134796238244514,0.0,1947.6011024134737,0.9111039794608472,0.687,0.8988652597402598,0.9574391864960285,0.45,0.4293085655314757,0.91504329004329,0.8572731418148655,complete
banking77_oos,50,13,0.1,ce_recon,k2,2,50,319,1,0.003134796238244514,0.1,1198.806989190538,0.9092572822937319,0.504,0.9032701298701299,0.9584679236561683,0.406,0.539829853054911,0.8721649484536083,0.7912457912457912,complete
banking77_oos,50,13,0.1,ce_recon,frozen_selected_k,4,100,319,1,0.003134796238244514,0.38,489.3866057673665,0.8860208816705336,0.239,0.8974607142857143,0.9549921471238215,0.422,0.5183823529411765,0.8164053075995175,0.7118515713744794,complete
banking77_oos,50,13,0.2,frozen,k1,1,25,629,20,0.03179650238473768,0.0,3915.955481867799,0.8860200441651096,0.801,0.9052253246753248,0.965875310001453,0.436,0.32806804374240583,0.8940153794717486,0.9194658033184946,complete
banking77_oos,50,13,0.2,frozen,k2,2,50,629,2,0.003179650238473768,0.0,3603.996924246925,0.9138704190505644,0.568,0.9073295454545454,0.9668353216981143,0.397,0.5808936825885979,0.8663262240913188,0.8402366863905325,complete
banking77_oos,50,13,0.2,frozen,frozen_selected_k,4,100,629,1,0.001589825119236884,0.06,3254.264063898233,0.8945283849200528,0.312,0.8868038961038962,0.9579972781566256,0.444,0.5611246943765281,0.8084514873505699,0.7675675675675676,complete
banking77_oos,50,13,0.2,ce_recon,k1,1,25,629,20,0.03179650238473768,0.0,1674.5317260957554,0.9116140756649596,0.786,0.9125814935064934,0.9632196447038008,0.38,0.3886255924170616,0.9346423562412343,0.8967181467181468,complete
banking77_oos,50,13,0.2,ce_recon,k2,2,50,629,1,0.001589825119236884,0.04,1602.0475984114541,0.9203877324010805,0.683,0.9132058441558442,0.9650279882122597,0.365,0.539179104477612,0.9119565217391304,0.8542528735632184,complete
banking77_oos,50,13,0.2,ce_recon,frozen_selected_k,4,100,629,1,0.001589825119236884,0.31,779.0988511613756,0.911643522050969,0.514,0.9048866883116884,0.9559159723009909,0.375,0.5630188679245283,0.8739626556016598,0.7926621160409556,complete
banking77_oos,50,13,0.4,frozen,k1,1,25,1247,39,0.03127506014434643,0.0,3618.666931677683,0.8503144654088051,0.881,0.9050295454545455,0.9663871033364674,0.444,0.22478386167146974,0.8468934911242604,0.9505197505197506,complete
banking77_oos,50,13,0.4,frozen,k2,2,50,1247,4,0.0032076984763432237,0.0,3416.7258014746467,0.8951166303070985,0.788,0.9100172077922077,0.968095284926848,0.422,0.4553376906318083,0.886417256488035,0.9151321056845476,complete
banking77_oos,50,13,0.4,frozen,frozen_selected_k,4,100,1247,2,0.0016038492381716118,0.0,3007.1895206937297,0.9053523779626432,0.593,0.9006542207792209,0.9644986405414374,0.461,0.5348460291734197,0.8661755678330264,0.8488674340883773,complete
banking77_oos,50,13,0.4,ce_recon,k1,1,25,1247,39,0.03127506014434643,0.0,1795.3181785046845,0.9055210605806343,0.819,0.9118240259740259,0.9646830909778324,0.399,0.33550065019505854,0.9331803842844852,0.9123486682808717,complete
banking77_oos,50,13,0.4,ce_recon,k2,2,50,1247,1,0.0008019246190858059,0.02,1434.5013873500034,0.9142484512552983,0.75,0.9107266233766234,0.9663223067837619,0.402,0.4703344120819849,0.9202350965575147,0.8828491096532334,complete
banking77_oos,50,13,0.4,ce_recon,frozen_selected_k,4,100,1247,1,0.0008019246190858059,0.08,1080.0643874451825,0.9110690633869442,0.627,0.9098272727272727,0.9637409856974776,0.418,0.5102954341987467,0.8949919224555735,0.8347363757199823,complete
banking77_oos,50,13,0.6,frozen,k1,1,25,1865,58,0.031099195710455763,0.0,3439.460667870707,0.8389212827988338,0.894,0.9100415584415584,0.9678683845291403,0.422,0.12341772151898735,0.8386380458919319,0.9551986475063398,complete
banking77_oos,50,13,0.6,frozen,k2,2,50,1865,4,0.0021447721179624667,0.0,3268.1241736951442,0.8791018998272885,0.835,0.9135331168831168,0.9695872501311606,0.406,0.34096692111959287,0.8814840261078667,0.9310771770532398,complete
banking77_oos,50,13,0.6,frozen,frozen_selected_k,4,100,1865,2,0.0010723860589812334,0.0,2861.843887891341,0.9095029949813825,0.712,0.9135077922077921,0.9692134263373856,0.377,0.5581395348837209,0.8818646232439336,0.8860958366064414,complete
banking77_oos,50,13,0.6,ce_recon,k1,1,25,1865,58,0.031099195710455763,0.0,1876.803691943251,0.9026039905309435,0.835,0.9136402597402598,0.9661262432956115,0.408,0.28610354223433243,0.9376615914966964,0.9186791522917693,complete
banking77_oos,50,13,0.6,ce_recon,k2,2,50,1865,2,0.0010723860589812334,0.0,1513.4974332991526,0.9013047842087655,0.796,0.9053753246753247,0.9621109750535037,0.419,0.42080378250591016,0.9130685089234312,0.9002904162633107,complete
banking77_oos,50,13,0.6,ce_recon,frozen_selected_k,4,100,1865,1,0.0005361930294906167,0.04,1426.6427071937956,0.916411660492833,0.716,0.9152207792207793,0.9662874958004557,0.364,0.5419103313840156,0.9078801331853497,0.8672566371681416,complete
banking77_oos,50,13,1.0,frozen,k1,1,25,3090,96,0.031067961165048542,0.0,3737.8585422756905,0.8329039381670961,0.909,0.9120743506493507,0.9686352987206025,0.411,0.1040650406504065,0.8301743745261562,0.9614896318239526,complete
banking77_oos,50,13,1.0,frozen,k2,2,50,3090,8,0.0025889967637540453,0.0,3307.485514569359,0.8494430470715055,0.878,0.9114525974025973,0.9688618272180627,0.407,0.3178082191780822,0.8293045741911491,0.9477206189878712,complete
banking77_oos,50,13,1.0,frozen,frozen_selected_k,4,100,3090,2,0.0006472491909385113,0.0,2647.1359839413444,0.8882861501949483,0.801,0.9052113636363637,0.9672892431242557,0.493,0.48630887185104055,0.8680150839904011,0.9177138224564249,complete
banking77_oos,50,13,1.0,ce_recon,k1,1,25,3090,96,0.031067961165048542,0.0,1863.1490629792295,0.900897848551584,0.836,0.9151999999999999,0.9668046052443056,0.398,0.2430167597765363,0.9404659188955996,0.9195289499509323,complete
banking77_oos,50,13,1.0,ce_recon,k2,2,50,3090,6,0.001941747572815534,0.0,1517.0889011707861,0.8920887684228358,0.81,0.9042090909090909,0.9639502476037514,0.461,0.3906633906633907,0.9034341062518345,0.906886517943744,complete
banking77_oos,50,13,1.0,ce_recon,frozen_selected_k,4,100,3090,1,0.00032362459546925567,0.03,1261.4776158403374,0.8924515698062793,0.764,0.9022652597402596,0.9630772090531987,0.46,0.4810400866738895,0.8836395450568679,0.8870967741935484,complete
banking77_oos,50,42,0.1,frozen,k1,1,25,303,10,0.033003300330033,0.0,4518.814564115773,0.9112389242965957,0.578,0.8961756493506493,0.9617203324573766,0.413,0.5280804694048616,0.8707155742633794,0.8469905728788978,complete
banking77_oos,50,42,0.1,frozen,k2,2,50,303,1,0.0033003300330033004,0.04,4190.007600266526,0.8905494505494506,0.294,0.8779532467532467,0.9528841330810383,0.46,0.5263157894736842,0.8048645660585959,0.7679158448389217,complete
banking77_oos,50,42,0.1,frozen,frozen_selected_k,5,125,303,1,0.0033003300330033004,0.312,2208.375308075691,0.8648496768755268,0.04,0.7823464285714286,0.912179194855187,0.619,0.4855614973262032,0.7520661157024794,0.7087378640776699,complete
banking77_oos,50,42,0.1,ce_recon,k1,1,25,303,10,0.033003300330033,0.0,2594.7686014243186,0.9290465631929047,0.699,0.914224025974026,0.9599036375216903,0.295,0.6358381502890174,0.9071729957805907,0.873900293255132,complete
banking77_oos,50,42,0.1,ce_recon,k2,2,50,303,1,0.0033003300330033004,0.18,1089.441568366095,0.913464447806354,0.489,0.8896636363636364,0.9396326147936627,0.364,0.6186666666666667,0.8554455445544554,0.8032345013477089,complete
banking77_oos,50,42,0.1,ce_recon,frozen_selected_k,5,125,303,1,0.0033003300330033004,0.472,154.07375726289422,0.8742719136240943,0.118,0.8464324675324676,0.9062685482510757,0.439,0.5412130637636081,0.7741935483870968,0.7028301886792453,complete
banking77_oos,50,42,0.2,frozen,k1,1,25,597,20,0.03350083752093802,0.0,4083.2238013177775,0.9021810971579644,0.758,0.9062681818181819,0.9663198438320407,0.436,0.35903337169159955,0.9107890499194847,0.9055425448868072,complete
banking77_oos,50,42,0.2,frozen,k2,2,50,597,2,0.0033500837520938024,0.0,3855.987949641503,0.910755859071861,0.571,0.8954301948051949,0.9607692053304291,0.422,0.5401459854014599,0.8683338354926182,0.8439432520916696,complete
banking77_oos,50,42,0.2,frozen,frozen_selected_k,5,125,597,1,0.0016750418760469012,0.144,2850.0751955391647,0.8877314814814815,0.236,0.8741243506493507,0.9519407910228582,0.447,0.5419126328217237,0.7913708356089568,0.7522697795071336,complete
banking77_oos,50,42,0.2,ce_recon,k1,1,25,597,20,0.03350083752093802,0.0,2157.0416715466395,0.9218698921216084,0.782,0.9209464285714284,0.9676219517997139,0.328,0.5284147557328016,0.931236509404872,0.9055459272097054,complete
banking77_oos,50,42,0.2,ce_recon,k2,2,50,597,1,0.0016750418760469012,0.08,1328.3167308849045,0.9193954659949622,0.648,0.9123048701298702,0.9633644460980915,0.361,0.5935483870967742,0.8933017190278602,0.8558558558558559,complete
banking77_oos,50,42,0.2,ce_recon,frozen_selected_k,5,125,597,1,0.0016750418760469012,0.32,545.2209323361075,0.9021884769986601,0.393,0.912174025974026,0.9627406671693342,0.336,0.588603631809643,0.8331042067638164,0.774935113088617,complete
banking77_oos,50,42,0.4,frozen,k1,1,25,1184,39,0.032939189189189186,0.0,3697.5769527125562,0.871866295264624,0.84,0.908422077922078,0.9667114946514546,0.394,0.18345864661654135,0.8794810515534313,0.9352226720647774,complete
banking77_oos,50,42,0.4,frozen,k2,2,50,1184,4,0.0033783783783783786,0.0,3487.944260903123,0.9044021024967148,0.745,0.9078792207792208,0.9654940570418067,0.372,0.45695364238410596,0.8896706108090822,0.9005847953216374,complete
banking77_oos,50,42,0.4,frozen,frozen_selected_k,5,125,1184,1,0.0008445945945945946,0.024,2882.114898126413,0.910227099527511,0.505,0.9055363636363636,0.9648925046753914,0.393,0.5620214395099541,0.8511627906976744,0.8235294117647058,complete
banking77_oos,50,42,0.4,ce_recon,k1,1,25,1184,39,0.032939189189189186,0.0,1984.4322620481594,0.9157912289478073,0.829,0.929747077922078,0.9736425048608606,0.312,0.4429378531073446,0.9426512065183328,0.9244365885992046,complete
banking77_oos,50,42,0.4,ce_recon,k2,2,50,1184,1,0.0008445945945945946,0.02,1622.8265896580606,0.9148797920727745,0.74,0.9101545454545455,0.9596934664465888,0.36,0.5802919708029197,0.8996282527881041,0.8894557823129252,complete
banking77_oos,50,42,0.4,ce_recon,frozen_selected_k,5,125,1184,1,0.0008445945945945946,0.16,900.3090304234477,0.9154798761609907,0.577,0.9144146103896102,0.9631373417591695,0.353,0.5976154992548435,0.8756161206146709,0.8318091451292247,complete
banking77_oos,50,42,0.6,frozen,k1,1,25,1769,58,0.03278688524590164,0.0,3725.892804588022,0.8679245283018868,0.87,0.9133012987012987,0.9683179060536118,0.381,0.1589825119236884,0.8784722222222222,0.9463253509496284,complete
banking77_oos,50,42,0.6,frozen,k2,2,50,1769,6,0.0033917467495760316,0.0,3505.561419900606,0.8930581613508443,0.835,0.9158357142857142,0.9693049628283861,0.368,0.3713527851458886,0.8937311431444854,0.9324104234527687,complete
banking77_oos,50,42,0.6,frozen,frozen_selected_k,5,125,1769,2,0.0011305822498586771,0.0,2872.3410198455454,0.914321647539695,0.627,0.9127772727272727,0.9675269447936687,0.39,0.5778546712802768,0.869485853361728,0.8596096096096096,complete
banking77_oos,50,42,0.6,ce_recon,k1,1,25,1769,58,0.03278688524590164,0.0,2116.714968347537,0.9170568561872909,0.842,0.9302512987012987,0.9731528974432004,0.296,0.43337195828505215,0.948227172889865,0.9296527159394479,complete
banking77_oos,50,42,0.6,ce_recon,k2,2,50,1769,2,0.0011305822498586771,0.0,1546.9639446940823,0.9078509647371923,0.797,0.9145659090909092,0.9639707727586867,0.34,0.5608782435129741,0.899616368286445,0.909965034965035,complete
banking77_oos,50,42,0.6,ce_recon,frozen_selected_k,5,125,1769,1,0.0005652911249293386,0.096,1125.2133416851173,0.9235901509134233,0.692,0.9132954545454546,0.9581613061634704,0.327,0.6105971404541631,0.9023143973549744,0.8709812108559499,complete
banking77_oos,50,42,1.0,frozen,k1,1,25,2933,96,0.032730992158199794,0.0,3737.8585105070238,0.8615603341034299,0.877,0.9132051948051949,0.968195046791366,0.375,0.13114754098360656,0.8686440677966102,0.9494035376388318,complete
banking77_oos,50,42,1.0,frozen,k2,2,50,2933,11,0.0037504261847937266,0.0,3276.2998167392298,0.8462633451957295,0.838,0.9018785714285713,0.9635389047082874,0.377,0.34959349593495936,0.8039358600583091,0.9309504467912266,complete
banking77_oos,50,42,1.0,frozen,frozen_selected_k,5,125,2933,4,0.0013637913399249914,0.0,2544.5720019089445,0.9048397645519948,0.731,0.9071555194805194,0.9666784653626492,0.423,0.5608040201005026,0.8675089083252349,0.8934681181959565,complete
banking77_oos,50,42,1.0,ce_recon,k1,1,25,2933,96,0.032730992158199794,0.0,1982.5715110173114,0.9164989939637826,0.849,0.9305454545454545,0.9730172955352822,0.303,0.4231678486997636,0.948905109489051,0.9334508594094315,complete
banking77_oos,50,42,1.0,ce_recon,k2,2,50,2933,6,0.002045687009887487,0.0,1619.3716166206405,0.8729281767955801,0.816,0.9054948051948052,0.9612793168971357,0.385,0.5090521831735889,0.849846782431052,0.9115586690017513,complete
banking77_oos,50,42,1.0,ce_recon,frozen_selected_k,5,125,2933,1,0.00034094783498124785,0.032,1237.079276402278,0.9025641025641026,0.763,0.9006792207792208,0.9592912926648492,0.446,0.553314121037464,0.8865452221156919,0.896551724137931,complete
banking77_oos,50,87,0.1,frozen,k1,1,25,304,10,0.03289473684210526,0.0,4587.305944818288,0.8989962358845671,0.57,0.8741587662337662,0.9532299389610358,0.5,0.5047318611987381,0.8616625310173698,0.8432944606413995,complete
banking77_oos,50,87,0.1,frozen,k2,2,50,304,1,0.003289473684210526,0.06,4491.316940845144,0.8878477306002929,0.282,0.8588496753246753,0.945214425498147,0.539,0.5509964830011723,0.796485260770975,0.7631926121372031,complete
banking77_oos,50,87,0.1,frozen,frozen_selected_k,1,25,304,10,0.03289473684210526,0.0,4587.305944818288,0.8989962358845671,0.57,0.8741587662337662,0.9532299389610358,0.5,0.5047318611987381,0.8616625310173698,0.8432944606413995,complete
banking77_oos,50,87,0.1,ce_recon,k1,1,25,304,10,0.03289473684210526,0.0,2431.8512347989663,0.9207920792079208,0.701,0.9114441558441558,0.9606413213763422,0.36,0.5418994413407822,0.9165059244971067,0.8613815484469171,complete
banking77_oos,50,87,0.1,ce_recon,k2,2,50,304,1,0.003289473684210526,0.14,1539.1928549609388,0.9007060237344149,0.421,0.8979873376623377,0.9513544756846251,0.403,0.5507839127471029,0.8514446433137305,0.7624128026261797,complete
banking77_oos,50,87,0.1,ce_recon,frozen_selected_k,1,25,304,10,0.03289473684210526,0.0,2431.8512347989663,0.9207920792079208,0.701,0.9114441558441558,0.9606413213763422,0.36,0.5418994413407822,0.9165059244971067,0.8613815484469171,complete
banking77_oos,50,87,0.2,frozen,k1,1,25,599,20,0.0333889816360601,0.0,4554.02363897361,0.8922610015174507,0.795,0.9073051948051948,0.9666040077989229,0.412,0.3165644171779141,0.9039812646370023,0.9191959006700827,complete
banking77_oos,50,87,0.2,frozen,k2,2,50,599,3,0.005008347245409015,0.0,3888.7944682807215,0.902954898911353,0.553,0.8948243506493507,0.9613812458237159,0.465,0.5511319281811085,0.8480392156862745,0.8391507736595898,complete
banking77_oos,50,87,0.2,frozen,frozen_selected_k,1,25,599,20,0.0333889816360601,0.0,4554.02363897361,0.8922610015174507,0.795,0.9073051948051948,0.9666040077989229,0.412,0.3165644171779141,0.9039812646370023,0.9191959006700827,complete
banking77_oos,50,87,0.2,ce_recon,k1,1,25,599,20,0.0333889816360601,0.0,2609.0397254413874,0.8960840820478048,0.824,0.9090025974025974,0.9676168539953167,0.41,0.20108695652173914,0.9425221618530168,0.9127849355797819,complete
banking77_oos,50,87,0.2,ce_recon,k2,2,50,599,1,0.001669449081803005,0.08,1663.999706144622,0.9085113165444693,0.656,0.9021538961038962,0.9597370130700124,0.423,0.5071942446043165,0.8990174672489083,0.8426349496797805,complete
banking77_oos,50,87,0.2,ce_recon,frozen_selected_k,1,25,599,20,0.0333889816360601,0.0,2609.0397254413874,0.8960840820478048,0.824,0.9090025974025974,0.9676168539953167,0.41,0.20108695652173914,0.9425221618530168,0.9127849355797819,complete
banking77_oos,50,87,0.4,frozen,k1,1,25,1186,39,0.03288364249578415,0.0,3746.3534848885047,0.8511321091103583,0.858,0.9045655844155844,0.965057847663617,0.396,0.21606648199445982,0.8473821017452655,0.9426957223567393,complete
banking77_oos,50,87,0.4,frozen,k2,2,50,1186,3,0.002529510961214165,0.0,3578.0911223482453,0.8883291351805206,0.77,0.9014025974025972,0.9649442468191984,0.437,0.46218487394957986,0.8681849551414769,0.9099415204678363,complete
banking77_oos,50,87,0.4,frozen,frozen_selected_k,1,25,1186,39,0.03288364249578415,0.0,3746.3534848885047,0.8511321091103583,0.858,0.9045655844155844,0.965057847663617,0.396,0.21606648199445982,0.8473821017452655,0.9426957223567393,complete
banking77_oos,50,87,0.4,ce_recon,k1,1,25,1186,39,0.03288364249578415,0.0,2299.591823903468,0.8914835164835165,0.852,0.9115711038961039,0.9674243041326388,0.41,0.15273775216138327,0.9440885264997088,0.9257028112449799,complete
banking77_oos,50,87,0.4,ce_recon,k2,2,50,1186,1,0.0008431703204047217,0.02,2073.6395625664563,0.9007989347536618,0.778,0.9083275974025975,0.9653881292504531,0.431,0.48034006376195537,0.9044992743105951,0.8925459825750242,complete
banking77_oos,50,87,0.4,ce_recon,frozen_selected_k,1,25,1186,39,0.03288364249578415,0.0,2299.591823903468,0.8914835164835165,0.852,0.9115711038961039,0.9674243041326388,0.41,0.15273775216138327,0.9440885264997088,0.9257028112449799,complete
banking77_oos,50,87,0.6,frozen,k1,1,25,1773,58,0.032712915961646924,0.0,3933.262137162978,0.8534667619728378,0.872,0.9061074675324676,0.966057730832502,0.398,0.13119533527696792,0.8694362017804155,0.9481781376518219,complete
banking77_oos,50,87,0.6,frozen,k2,2,50,1773,6,0.00338409475465313,0.0,3666.534456078171,0.8913006613532305,0.811,0.9135457792207792,0.9695744127292258,0.408,0.47058823529411764,0.8782731776362349,0.9253259581193204,complete
banking77_oos,50,87,0.6,frozen,frozen_selected_k,1,25,1773,58,0.032712915961646924,0.0,3933.262137162978,0.8534667619728378,0.872,0.9061074675324676,0.966057730832502,0.398,0.13119533527696792,0.8694362017804155,0.9481781376518219,complete
banking77_oos,50,87,0.6,ce_recon,k1,1,25,1773,58,0.032712915961646924,0.0,2444.6418502228694,0.8881624225739848,0.849,0.9114584415584416,0.968221054855925,0.419,0.10194902548725637,0.9415509259259259,0.9241587142139628,complete
banking77_oos,50,87,0.6,ce_recon,k2,2,50,1773,3,0.001692047377326565,0.0,2040.0573605451436,0.8647804200659608,0.81,0.8937564935064934,0.9604263506187192,0.476,0.38072289156626504,0.8627092846270928,0.9042448173741362,complete
banking77_oos,50,87,0.6,ce_recon,frozen_selected_k,1,25,1773,58,0.032712915961646924,0.0,2444.6418502228694,0.8881624225739848,0.849,0.9114584415584416,0.968221054855925,0.419,0.10194902548725637,0.9415509259259259,0.9241587142139628,complete
banking77_oos,50,87,1.0,frozen,k1,1,25,2938,96,0.03267528931245745,0.0,3913.7739323354926,0.8502155172413793,0.879,0.9088487012987013,0.9670200006811454,0.385,0.09895052473763119,0.8680089485458613,0.9508329947175945,complete
banking77_oos,50,87,1.0,frozen,k2,2,50,2938,8,0.002722940776038121,0.0,3690.347358656585,0.8714436248682824,0.867,0.9120366883116884,0.9685789027947492,0.398,0.4186046511627907,0.8543616622987645,0.9457928802588996,complete
banking77_oos,50,87,1.0,frozen,frozen_selected_k,1,25,2938,96,0.03267528931245745,0.0,3913.7739323354926,0.8502155172413793,0.879,0.9088487012987013,0.9670200006811454,0.385,0.09895052473763119,0.8680089485458613,0.9508329947175945,complete
banking77_oos,50,87,1.0,ce_recon,k1,1,25,2938,96,0.03267528931245745,0.0,2483.460452802064,0.889500860585198,0.854,0.9143655844155845,0.9687916211597836,0.401,0.12298682284040996,0.9446559297218156,0.9271457085828343,complete
banking77_oos,50,87,1.0,ce_recon,k2,2,50,2938,6,0.0020422055820285907,0.0,2033.4463517436798,0.8422373610613123,0.851,0.8872483766233765,0.9563912219500779,0.494,0.43309002433090027,0.8175565018015067,0.9225387306346826,complete
banking77_oos,50,87,1.0,ce_recon,frozen_selected_k,1,25,2938,96,0.03267528931245745,0.0,2483.460452802064,0.889500860585198,0.854,0.9143655844155845,0.9687916211597836,0.401,0.12298682284040996,0.9446559297218156,0.9271457085828343,complete
stackoverflow,50,13,0.1,frozen,k1,1,10,600,60,0.1,0.0,4038.3063097934028,0.8418498862774829,0.7246328437917223,0.8849646333164771,0.8474881535293498,0.29806408544726304,0.47387480600103465,0.8032369942196532,0.5848012078510317,complete
stackoverflow,50,13,0.1,frozen,k2,2,20,600,15,0.025,0.0,4323.042379508572,0.8113022800391663,0.5811081441922563,0.8706743705479494,0.8323859183777943,0.36181575433911883,0.45811412383650346,0.7348564242297212,0.4807612743069921,complete
stackoverflow,50,13,0.1,frozen,frozen_selected_k,2,20,600,15,0.025,0.0,4323.042379508572,0.8113022800391663,0.5811081441922563,0.8706743705479494,0.8323859183777943,0.36181575433911883,0.45811412383650346,0.7348564242297212,0.4807612743069921,complete
stackoverflow,50,13,0.1,ce_recon,k1,1,10,600,60,0.1,0.0,1300.8417799704685,0.90583513430071,0.8164218958611482,0.9433989251310809,0.9167821486412957,0.15320427236315087,0.6469907407407407,0.866698982064954,0.6809744779582366,complete
stackoverflow,50,13,0.1,ce_recon,k2,2,20,600,2,0.0033333333333333335,0.0,1629.6378430307304,0.8885482140119577,0.7893858477970628,0.918947039606583,0.8669325962389365,0.1802403204272363,0.5978687605159843,0.8472718608529902,0.650415512465374,complete
stackoverflow,50,13,0.1,ce_recon,frozen_selected_k,2,20,600,2,0.0033333333333333335,0.0,1629.6378430307304,0.8885482140119577,0.7893858477970628,0.918947039606583,0.8669325962389365,0.1802403204272363,0.5978687605159843,0.8472718608529902,0.650415512465374,complete
stackoverflow,50,13,0.2,frozen,k1,1,10,1200,120,0.1,0.0,3739.594126751256,0.8038277511961722,0.7893858477970628,0.8779084649048875,0.8374061958228249,0.3144192256341789,0.3943298969072165,0.7792272955343703,0.646498599439776,complete
stackoverflow,50,13,0.2,frozen,k2,2,20,1200,37,0.030833333333333334,0.0,3888.643519101906,0.8296386273914363,0.7129506008010681,0.8688706964440673,0.8059111939509065,0.3317757009345794,0.4587251828631139,0.7861377108983129,0.5672981056829511,complete
stackoverflow,50,13,0.2,frozen,frozen_selected_k,2,20,1200,37,0.030833333333333334,0.0,3888.643519101906,0.8296386273914363,0.7129506008010681,0.8688706964440673,0.8059111939509065,0.3317757009345794,0.4587251828631139,0.7861377108983129,0.5672981056829511,complete
stackoverflow,50,13,0.2,ce_recon,k1,1,10,1200,120,0.1,0.0,1145.7844182377328,0.9000616903146206,0.8090787716955942,0.9386426390832397,0.9095812685825051,0.16121495327102803,0.6347237880496054,0.8607594936708861,0.6723940435280642,complete
stackoverflow,50,13,0.2,ce_recon,k2,2,20,1200,7,0.005833333333333334,0.0,1392.7817583016904,0.9084329767149151,0.8414552736982643,0.9446545516489141,0.91649492529377,0.1451935914552737,0.6642685851318945,0.87625250501002,0.7095990279465371,complete
stackoverflow,50,13,0.2,ce_recon,frozen_selected_k,2,20,1200,7,0.005833333333333334,0.0,1392.7817583016904,0.9084329767149151,0.8414552736982643,0.9446545516489141,0.91649492529377,0.1451935914552737,0.6642685851318945,0.87625250501002,0.7095990279465371,complete
stackoverflow,50,13,0.4,frozen,k1,1,10,2400,240,0.1,0.0,3659.1776793600748,0.7762635846127307,0.8154205607476636,0.87770121908258,0.8392138784209168,0.30106809078771696,0.3279380717804363,0.7624867162592986,0.6775320139697323,complete
stackoverflow,50,13,0.4,frozen,k2,2,20,2400,50,0.020833333333333332,0.0,3714.7984784676173,0.7741823844955875,0.8170894526034713,0.8722306651576408,0.8271542862682543,0.3190921228304406,0.37945205479452054,0.7545551982851019,0.6559714795008913,complete
stackoverflow,50,13,0.4,frozen,frozen_selected_k,2,20,2400,50,0.020833333333333332,0.0,3714.7984784676173,0.7741823844955875,0.8170894526034713,0.8722306651576408,0.8271542862682543,0.3190921228304406,0.37945205479452054,0.7545551982851019,0.6559714795008913,complete
stackoverflow,50,13,0.4,ce_recon,k1,1,10,2400,240,0.1,0.0,1190.178048326878,0.9073125291103866,0.8247663551401869,0.9429601303184918,0.9179622785019794,0.1491989319092123,0.658271322266743,0.8695652173913043,0.6945898778359512,complete
stackoverflow,50,13,0.4,ce_recon,k2,2,20,2400,6,0.0025,0.0,1642.8133638819686,0.8644875723527409,0.8861815754339119,0.9351142204301796,0.9072517238226233,0.1795727636849132,0.39740470397404704,0.895987328405491,0.7778501628664495,complete
stackoverflow,50,13,0.4,ce_recon,frozen_selected_k,2,20,2400,6,0.0025,0.0,1642.8133638819686,0.8644875723527409,0.8861815754339119,0.9351142204301796,0.9072517238226233,0.1795727636849132,0.39740470397404704,0.895987328405491,0.7778501628664495,complete
stackoverflow,50,13,0.6,frozen,k1,1,10,3600,360,0.1,0.0,3392.2046853951415,0.7742273441592457,0.8277703604806409,0.8811141419465544,0.8381642700687675,0.2823765020026702,0.3485838779956427,0.7567712523464736,0.6848154869933454,complete
stackoverflow,50,13,0.6,frozen,k2,2,20,3600,67,0.01861111111111111,0.0,3543.620897492644,0.7324408582431688,0.8457943925233645,0.8724233067826799,0.8212953116062471,0.32142857142857145,0.3652830188679245,0.7147317627022424,0.6487900588620014,complete
stackoverflow,50,13,0.6,frozen,frozen_selected_k,2,20,3600,67,0.01861111111111111,0.0,3543.620897492644,0.7324408582431688,0.8457943925233645,0.8724233067826799,0.8212953116062471,0.32142857142857145,0.3652830188679245,0.7147317627022424,0.6487900588620014,complete
stackoverflow,50,13,0.6,ce_recon,k1,1,10,3600,360,0.1,0.0,1082.478947212429,0.9084967320261438,0.8287716955941254,0.9448163126430877,0.9194460478989567,0.14886515353805074,0.654524089306698,0.8734270910436713,0.6977018267530937,complete
stackoverflow,50,13,0.6,ce_recon,k2,2,20,3600,27,0.0075,0.0,1540.5760907285267,0.8647140864714087,0.9125500667556742,0.9413824310837964,0.9138945695363501,0.17089452603471295,0.4356955380577428,0.8929447017161536,0.8188105117565698,complete
stackoverflow,50,13,0.6,ce_recon,frozen_selected_k,2,20,3600,27,0.0075,0.0,1540.5760907285267,0.8647140864714087,0.9125500667556742,0.9413824310837964,0.9138945695363501,0.17089452603471295,0.4356955380577428,0.8929447017161536,0.8188105117565698,complete
stackoverflow,50,13,1.0,frozen,k1,1,10,5997,599,0.09988327497081874,0.0,3448.9470794225153,0.7662360644133782,0.835781041388518,0.882464194075735,0.8409754767124513,0.2780373831775701,0.3402985074626866,0.7453996154902499,0.7013301088270859,complete
stackoverflow,50,13,1.0,frozen,k2,2,20,5997,111,0.018509254627313655,0.0,3540.953546444237,0.735515425131678,0.8775033377837116,0.8899441071729575,0.8465934536530902,0.2987316421895861,0.3806398687448728,0.7217288336293665,0.6937370956641431,complete
stackoverflow,50,13,1.0,frozen,frozen_selected_k,2,20,5997,111,0.018509254627313655,0.0,3540.953546444237,0.735515425131678,0.8775033377837116,0.8899441071729575,0.8465934536530902,0.2987316421895861,0.3806398687448728,0.7217288336293665,0.6937370956641431,complete
stackoverflow,50,13,1.0,ce_recon,k1,1,10,5997,599,0.09988327497081874,0.0,1023.4343280609536,0.9074218142212541,0.8274365821094793,0.9438082885842892,0.9168198580196586,0.14886515353805074,0.6530612244897959,0.8720613709477852,0.6967741935483871,complete
stackoverflow,50,13,1.0,ce_recon,k2,2,20,5997,52,0.008671002167750541,0.0,1507.8386633024168,0.8500707213578501,0.9138851802403204,0.937763488704155,0.9064527680725916,0.1588785046728972,0.40427426536064115,0.8787121842908687,0.8215767634854771,complete
stackoverflow,50,13,1.0,ce_recon,frozen_selected_k,2,20,5997,52,0.008671002167750541,0.0,1507.8386633024168,0.8500707213578501,0.9138851802403204,0.937763488704155,0.9064527680725916,0.1588785046728972,0.40427426536064115,0.8787121842908687,0.8215767634854771,complete
stackoverflow,50,42,0.1,frozen,k1,1,10,600,60,0.1,0.0,4146.275581846915,0.8532110091743119,0.7484129635816906,0.9103889500370177,0.8845446297620607,0.28032074841296356,0.4395992928697702,0.8243430152143845,0.625559423172551,complete
stackoverflow,50,42,0.1,frozen,k2,2,20,600,10,0.016666666666666666,0.0,4462.624852742956,0.8227349465391108,0.6034079518877381,0.8957102776013568,0.8606729182545945,0.3187437353825593,0.44148936170212766,0.7517255804225057,0.5145194274028629,complete
stackoverflow,50,42,0.1,frozen,frozen_selected_k,1,10,600,60,0.1,0.0,4146.275581846915,0.8532110091743119,0.7484129635816906,0.9103889500370177,0.8845446297620607,0.28032074841296356,0.4395992928697702,0.8243430152143845,0.625559423172551,complete
stackoverflow,50,42,0.1,ce_recon,k1,1,10,600,60,0.1,0.0,1308.8747743750314,0.9023431357131625,0.835282325425994,0.9359303618129767,0.9020154974558843,0.15870364183093885,0.5714285714285714,0.8832583471465782,0.7053197848176928,complete
stackoverflow,50,42,0.1,ce_recon,k2,2,20,600,3,0.005,0.0,1168.6314237125962,0.8851689612015019,0.810892081523555,0.9175256111440542,0.8686257350423037,0.18977614433678583,0.5730843528654218,0.8492307692307692,0.6758304696449027,complete
stackoverflow,50,42,0.1,ce_recon,frozen_selected_k,1,10,600,60,0.1,0.0,1308.8747743750314,0.9023431357131625,0.835282325425994,0.9359303618129767,0.9020154974558843,0.15870364183093885,0.5714285714285714,0.8832583471465782,0.7053197848176928,complete
stackoverflow,50,42,0.2,frozen,k1,1,10,1200,120,0.1,0.0,3770.754000419017,0.8557418538437204,0.7928499832943535,0.9091034458001825,0.8831601607441572,0.26862679585699967,0.42618741976893454,0.8444661140906875,0.6740273396424816,complete
stackoverflow,50,42,0.2,frozen,k2,2,20,1200,25,0.020833333333333332,0.0,4087.9153364251247,0.851761102603369,0.748747076511861,0.91366619988961,0.8879996375949705,0.2930170397594387,0.47415730337078654,0.814498933901919,0.6296114117068372,complete
stackoverflow,50,42,0.2,frozen,frozen_selected_k,1,10,1200,120,0.1,0.0,3770.754000419017,0.8557418538437204,0.7928499832943535,0.9091034458001825,0.8831601607441572,0.26862679585699967,0.42618741976893454,0.8444661140906875,0.6740273396424816,complete
stackoverflow,50,42,0.2,ce_recon,k1,1,10,1200,120,0.1,0.0,1260.0075151457522,0.9055651899731988,0.8416304710992315,0.9400353689250003,0.914868924837219,0.1526896090878717,0.6009327115256495,0.8857280617164899,0.7113276492082826,complete
stackoverflow,50,42,0.2,ce_recon,k2,2,20,1200,11,0.009166666666666667,0.0,1544.59038501646,0.8104181431608788,0.8797193451386569,0.9143386620834,0.886485728612298,0.2632809889742733,0.3462897526501767,0.8232458489555436,0.739652870493992,complete
stackoverflow,50,42,0.2,ce_recon,frozen_selected_k,1,10,1200,120,0.1,0.0,1260.0075151457522,0.9055651899731988,0.8416304710992315,0.9400353689250003,0.914868924837219,0.1526896090878717,0.6009327115256495,0.8857280617164899,0.7113276492082826,complete
stackoverflow,50,42,0.4,frozen,k1,1,10,2400,240,0.1,0.0,3483.1701078487094,0.8493017213380968,0.817574340126963,0.9092234009262632,0.8824801154930443,0.2579351820915469,0.4286671131949096,0.8412982366470738,0.7039045553145337,complete
stackoverflow,50,42,0.4,frozen,k2,2,20,2400,42,0.0175,0.0,3692.2307493412145,0.8052993459667952,0.8112261944537253,0.8851514394447906,0.8454474783890007,0.3297694620781824,0.42119205298013246,0.7732760933726858,0.6918103448275862,complete
stackoverflow,50,42,0.4,frozen,frozen_selected_k,1,10,2400,240,0.1,0.0,3483.1701078487094,0.8493017213380968,0.817574340126963,0.9092234009262632,0.8824801154930443,0.2579351820915469,0.4286671131949096,0.8412982366470738,0.7039045553145337,complete
stackoverflow,50,42,0.4,ce_recon,k1,1,10,2400,240,0.1,0.0,1162.902035784109,0.9025383892196803,0.8312729702639492,0.9369449636739982,0.9130531434757252,0.15703307718008688,0.5923984272608126,0.8790998324156093,0.7010065127294257,complete
stackoverflow,50,42,0.4,ce_recon,k2,2,20,2400,16,0.006666666666666667,0.0,1182.402994278372,0.8111913357400722,0.9011025726695623,0.9235950506693351,0.8872990830411831,0.2084864684263281,0.48776223776223776,0.798196166854566,0.7666666666666667,complete
stackoverflow,50,42,0.4,ce_recon,frozen_selected_k,1,10,2400,240,0.1,0.0,1162.902035784109,0.9025383892196803,0.8312729702639492,0.9369449636739982,0.9130531434757252,0.15703307718008688,0.5923984272608126,0.8790998324156093,0.7010065127294257,complete
stackoverflow,50,42,0.6,frozen,k1,1,10,3599,359,0.09974993053626008,0.0,3576.2836569990613,0.8444370970408333,0.833611760775142,0.9154177008058287,0.8929453223178642,0.2522552622786502,0.4209780297661233,0.8356236786469344,0.7308108108108108,complete
stackoverflow,50,42,0.6,frozen,k2,2,20,3599,62,0.01722700750208391,0.0,3642.6373197378707,0.8137763932156455,0.856331440026729,0.9084343280801684,0.8853146481262093,0.31540260608085535,0.4091254752851711,0.7971830985915493,0.7523970671178793,complete
stackoverflow,50,42,0.6,frozen,frozen_selected_k,1,10,3599,359,0.09974993053626008,0.0,3576.2836569990613,0.8444370970408333,0.833611760775142,0.9154177008058287,0.8929453223178642,0.2522552622786502,0.4209780297661233,0.8356236786469344,0.7308108108108108,complete
stackoverflow,50,42,0.6,ce_recon,k1,1,10,3599,359,0.09974993053626008,0.0,1285.1496473445877,0.9051507537688442,0.8366187771466755,0.9395307993147397,0.9157667943101383,0.1533578349482125,0.5951742627345844,0.883265695870136,0.7063063063063063,complete
stackoverflow,50,42,0.6,ce_recon,k2,2,20,3599,30,0.008335648791330925,0.0,1291.280042896154,0.7946178284432817,0.9238222519211493,0.9305929161146893,0.9029301864186664,0.1951219512195122,0.509469696969697,0.7837284167398303,0.7766116941529235,complete
stackoverflow,50,42,0.6,ce_recon,frozen_selected_k,1,10,3599,359,0.09974993053626008,0.0,1285.1496473445877,0.9051507537688442,0.8366187771466755,0.9395307993147397,0.9157667943101383,0.1533578349482125,0.5951742627345844,0.883265695870136,0.7063063063063063,complete
stackoverflow,50,42,1.0,frozen,k1,1,10,5995,598,0.09974979149291076,0.0,3458.796434578745,0.8435800230756552,0.8292682926829268,0.9133612953637457,0.8881461000338005,0.2509188105579686,0.40509915014164305,0.8392116182572614,0.7193849533223503,complete
stackoverflow,50,42,1.0,frozen,k2,2,20,5995,173,0.028857381150959132,0.0,3540.953515817757,0.7940709370037057,0.8596725693284331,0.902501900497223,0.8674287348600297,0.28399599064483794,0.40030911901081917,0.7752424415288077,0.7404803749267721,complete
stackoverflow,50,42,1.0,frozen,frozen_selected_k,1,10,5995,598,0.09974979149291076,0.0,3458.796434578745,0.8435800230756552,0.8292682926829268,0.9133612953637457,0.8881461000338005,0.2509188105579686,0.40509915014164305,0.8392116182572614,0.7193849533223503,complete
stackoverflow,50,42,1.0,ce_recon,k1,1,10,5995,598,0.09974979149291076,0.0,1253.5191848051531,0.9054287962234461,0.8392916805880387,0.9399054918600523,0.9178721332649084,0.1530237220180421,0.5941931127616475,0.8846799328698154,0.7111111111111111,complete
stackoverflow,50,42,1.0,ce_recon,k2,2,20,5995,49,0.00817347789824854,0.0,1353.3188881178792,0.7722583110431792,0.9278316070831941,0.9286001671567993,0.8993500032025536,0.20046775810223855,0.3576719576719577,0.7808340727595386,0.7940298507462686,complete
stackoverflow,50,42,1.0,ce_recon,frozen_selected_k,1,10,5995,598,0.09974979149291076,0.0,1253.5191848051531,0.9054287962234461,0.8392916805880387,0.9399054918600523,0.9178721332649084,0.1530237220180421,0.5941931127616475,0.8846799328698154,0.7111111111111111,complete
stackoverflow,50,87,0.1,frozen,k1,1,10,600,60,0.1,0.0,3995.381355193701,0.8080321285140563,0.7615230460921844,0.8527003941126577,0.7792252078877306,0.3423513694054776,0.4259587020648968,0.7742402315484804,0.6059602649006622,complete
stackoverflow,50,87,0.1,frozen,k2,2,20,600,7,0.011666666666666667,0.0,4333.765769243756,0.8130881714202982,0.6315965263861055,0.850930499182611,0.7985831322461338,0.3944555778223113,0.43931159420289856,0.7542517006802721,0.49886415265788275,complete
stackoverflow,50,87,0.1,frozen,frozen_selected_k,1,10,600,60,0.1,0.0,3995.381355193701,0.8080321285140563,0.7615230460921844,0.8527003941126577,0.7792252078877306,0.3423513694054776,0.4259587020648968,0.7742402315484804,0.6059602649006622,complete
stackoverflow,50,87,0.1,ce_recon,k1,1,10,600,60,0.1,0.0,1054.1082333314635,0.8664516129032258,0.8269873079492318,0.892974756812245,0.8225643427043253,0.22745490981963928,0.4297752808988764,0.8692458374142997,0.7002314814814815,complete
stackoverflow,50,87,0.1,ce_recon,k2,2,20,600,3,0.005,0.0,1561.9843402444542,0.8075962018990505,0.8052772211088844,0.8766532843167422,0.8215967152626278,0.34802939211756845,0.4636363636363636,0.762252346193952,0.6748466257668712,complete
stackoverflow,50,87,0.1,ce_recon,frozen_selected_k,1,10,600,60,0.1,0.0,1054.1082333314635,0.8664516129032258,0.8269873079492318,0.892974756812245,0.8225643427043253,0.22745490981963928,0.4297752808988764,0.8692458374142997,0.7002314814814815,complete
stackoverflow,50,87,0.2,frozen,k1,1,10,1200,120,0.1,0.0,3399.3780131684935,0.8078379713485921,0.7915831663326653,0.8651174177460395,0.7953229432305122,0.3012692050768203,0.46105919003115264,0.7704144949118888,0.6295198577356254,complete
stackoverflow,50,87,0.2,frozen,k2,2,20,1200,20,0.016666666666666666,0.0,3890.5691830373,0.7881519639407598,0.7434869739478958,0.8414490306826382,0.7853507116207581,0.489311957247829,0.2784019975031211,0.7862931234081963,0.5769020251778872,complete
stackoverflow,50,87,0.2,frozen,frozen_selected_k,1,10,1200,120,0.1,0.0,3399.3780131684935,0.8078379713485921,0.7915831663326653,0.8651174177460395,0.7953229432305122,0.3012692050768203,0.46105919003115264,0.7704144949118888,0.6295198577356254,complete
stackoverflow,50,87,0.2,ce_recon,k1,1,10,1200,120,0.1,0.0,1046.148230046935,0.8780565766341697,0.8283233132932531,0.9024685998610482,0.8394428558041633,0.2047428189712759,0.47918088737201364,0.8744504152418173,0.7022016222479722,complete
stackoverflow,50,87,0.2,ce_recon,k2,2,20,1200,5,0.004166666666666667,0.0,1280.4247988944132,0.7425925925925926,0.8667334669338678,0.8701897564599604,0.8092385772572217,0.375751503006012,0.03346456692913386,0.7740128815457855,0.7523277467411545,complete
stackoverflow,50,87,0.2,ce_recon,frozen_selected_k,1,10,1200,120,0.1,0.0,1046.148230046935,0.8780565766341697,0.8283233132932531,0.9024685998610482,0.8394428558041633,0.2047428189712759,0.47918088737201364,0.8744504152418173,0.7022016222479722,complete
stackoverflow,50,87,0.4,frozen,k1,1,10,2400,240,0.1,0.0,3426.341506222917,0.786593707250342,0.8156312625250501,0.8691884213464758,0.8032596607352929,0.30561122244488975,0.44802146210596916,0.7424202478249406,0.6690647482014388,complete
stackoverflow,50,87,0.4,frozen,k2,2,20,2400,32,0.013333333333333334,0.0,3833.5286236860256,0.6935663815544812,0.8273213092852372,0.8169353838964087,0.7994474883234703,0.6182364729458918,0.14084507042253522,0.6926286509040334,0.6645962732919255,complete
stackoverflow,50,87,0.4,frozen,frozen_selected_k,1,10,2400,240,0.1,0.0,3426.341506222917,0.786593707250342,0.8156312625250501,0.8691884213464758,0.8032596607352929,0.30561122244488975,0.44802146210596916,0.7424202478249406,0.6690647482014388,complete
stackoverflow,50,87,0.4,ce_recon,k1,1,10,2400,240,0.1,0.0,918.4684851112706,0.8746991817744264,0.8293253173012692,0.9029352652791117,0.8457134761386826,0.2094188376753507,0.4549895324494068,0.8750916646296749,0.7047949162333911,complete
stackoverflow,50,87,0.4,ce_recon,k2,2,20,2400,17,0.007083333333333333,0.0,1140.7009330366138,0.6734444896299309,0.9111556446225785,0.86627360194354,0.8350328251639574,0.5477621910487642,0.002317497103128621,0.6756843800322061,0.8178137651821862,complete
stackoverflow,50,87,0.4,ce_recon,frozen_selected_k,1,10,2400,240,0.1,0.0,918.4684851112706,0.8746991817744264,0.8293253173012692,0.9029352652791117,0.8457134761386826,0.2094188376753507,0.4549895324494068,0.8750916646296749,0.7047949162333911,complete
stackoverflow,50,87,0.6,frozen,k1,1,10,3600,360,0.1,0.0,3211.64305265212,0.7689900921258473,0.8179692718770875,0.8664040363771601,0.7987412550239575,0.302939211756847,0.4340136054421769,0.715927750410509,0.680628272251309,complete
stackoverflow,50,87,0.6,frozen,k2,2,20,3600,63,0.0175,0.0,3467.3861284390778,0.6940932251368183,0.8450233800935204,0.829669686502511,0.7851763993257601,0.5537742150968604,0.12773403324584426,0.6964028776978417,0.6911124922311995,complete
stackoverflow,50,87,0.6,frozen,frozen_selected_k,1,10,3600,360,0.1,0.0,3211.64305265212,0.7689900921258473,0.8179692718770875,0.8664040363771601,0.7987412550239575,0.302939211756847,0.4340136054421769,0.715927750410509,0.680628272251309,complete
stackoverflow,50,87,0.6,ce_recon,k1,1,10,3600,360,0.1,0.0,924.1276465273515,0.8671419313026572,0.832999331997328,0.9014187698940381,0.8457432921351232,0.20273881095524382,0.40145985401459855,0.8774509803921569,0.7096399535423926,complete
stackoverflow,50,87,0.6,ce_recon,k2,2,20,3600,27,0.0075,0.0,1282.5650401630144,0.6518302828618968,0.9181696726786908,0.8822057778217762,0.8465262061276775,0.4331997327989312,0.0,0.6446886446886447,0.8233676975945017,complete
stackoverflow,50,87,0.6,ce_recon,frozen_selected_k,1,10,3600,360,0.1,0.0,924.1276465273515,0.8671419313026572,0.832999331997328,0.9014187698940381,0.8457432921351232,0.20273881095524382,0.40145985401459855,0.8774509803921569,0.7096399535423926,complete
stackoverflow,50,87,1.0,frozen,k1,1,10,5997,599,0.09988327497081874,0.0,3324.8737727764465,0.7608426270136307,0.8316633266533067,0.8666166333557189,0.800674678934526,0.3092852371409486,0.4397463002114165,0.7091611479028698,0.6840148698884758,complete
stackoverflow,50,87,1.0,frozen,k2,2,20,5997,111,0.018509254627313655,0.0,3259.9752854912063,0.6543630892678034,0.8804275217100869,0.8296790510259504,0.7880318929052761,0.564128256513026,0.11012782694198624,0.6595354523227384,0.7025495750708215,complete
stackoverflow,50,87,1.0,frozen,frozen_selected_k,1,10,5997,599,0.09988327497081874,0.0,3324.8737727764465,0.7608426270136307,0.8316633266533067,0.8666166333557189,0.800674678934526,0.3092852371409486,0.4397463002114165,0.7091611479028698,0.6840148698884758,complete
stackoverflow,50,87,1.0,ce_recon,k1,1,10,5997,599,0.09988327497081874,0.0,935.4299567787782,0.8730082085948817,0.8313293253173013,0.901789337464426,0.8457131972965034,0.20574482297929192,0.43763364219529577,0.876255819652046,0.7096032202415181,complete
stackoverflow,50,87,1.0,ce_recon,k2,2,20,5997,47,0.00783725195931299,0.0,1214.391316368576,0.6228388473852722,0.9231796927187709,0.8836478029490222,0.8451251394021055,0.3944555778223113,0.0024330900243309003,0.5956854558107167,0.8309178743961353,complete
stackoverflow,50,87,1.0,ce_recon,frozen_selected_k,1,10,5997,599,0.09988327497081874,0.0,935.4299567787782,0.8730082085948817,0.8313293253173013,0.901789337464426,0.8457131972965034,0.20574482297929192,0.43763364219529577,0.876255819652046,0.7096032202415181,complete
clinc150,50,13,0.1,frozen,k1,1,75,750,10,0.013333333333333334,0.0,4312.033822459691,0.7957068837897854,0.2751111111111111,0.867426188034188,0.8790645867098055,0.4471111111111111,0.3783783783783784,0.6913907284768211,0.5229599298040363,complete
clinc150,50,13,0.1,frozen,k2,2,150,750,1,0.0013333333333333333,0.06666666666666667,4439.08826227071,0.7589191718329629,0.08666666666666667,0.8045145982905983,0.8273743779603244,0.5493333333333333,0.33665915674283875,0.6400420388859696,0.4652615144418423,complete
clinc150,50,13,0.1,frozen,frozen_selected_k,1,75,750,10,0.013333333333333334,0.0,4312.033822459691,0.7957068837897854,0.2751111111111111,0.867426188034188,0.8790645867098055,0.4471111111111111,0.3783783783783784,0.6913907284768211,0.5229599298040363,complete
clinc150,50,13,0.1,ce_recon,k1,1,75,750,10,0.013333333333333334,0.0,724.1548890678864,0.8513011152416357,0.5217777777777778,0.9234497094017095,0.9191110126132601,0.284,0.47417840375586856,0.7746124842899036,0.6129496402877698,complete
clinc150,50,13,0.1,ce_recon,k2,2,150,750,1,0.0013333333333333333,0.22,400.89216886415534,0.8016825436100458,0.292,0.9306420512820512,0.9332313559159899,0.276,0.402088772845953,0.6989226989226989,0.5168334849863512,complete
clinc150,50,13,0.1,ce_recon,frozen_selected_k,1,75,750,10,0.013333333333333334,0.0,724.1548890678864,0.8513011152416357,0.5217777777777778,0.9234497094017095,0.9191110126132601,0.284,0.47417840375586856,0.7746124842899036,0.6129496402877698,complete
clinc150,50,13,0.2,frozen,k1,1,75,1500,20,0.013333333333333334,0.0,3960.154572110423,0.841056964546541,0.5048888888888889,0.8685189743589743,0.8787224598411597,0.4017777777777778,0.4323040380047506,0.7664294683968188,0.6126564673157163,complete
clinc150,50,13,0.2,frozen,k2,2,150,1500,1,0.0006666666666666666,0.02,3742.7181286372106,0.8000992063492064,0.2942222222222222,0.8102840341880342,0.8276635040719356,0.492,0.3884673748103187,0.6977540921202893,0.5259701492537313,complete
clinc150,50,13,0.2,frozen,frozen_selected_k,1,75,1500,20,0.013333333333333334,0.0,3960.154572110423,0.841056964546541,0.5048888888888889,0.8685189743589743,0.8787224598411597,0.4017777777777778,0.4323040380047506,0.7664294683968188,0.6126564673157163,complete
clinc150,50,13,0.2,ce_recon,k1,1,75,1500,20,0.013333333333333334,0.0,607.1260755256043,0.8758601706578585,0.6293333333333333,0.940318358974359,0.9454263129587367,0.248,0.5129589632829373,0.8186167899086559,0.6642512077294686,complete
clinc150,50,13,0.2,ce_recon,k2,2,150,1500,1,0.0006666666666666666,0.13333333333333333,447.1487482984959,0.8466080566854743,0.4911111111111111,0.9405758632478634,0.9493781346242317,0.25333333333333335,0.4703217036701405,0.7667549399062945,0.590339892665474,complete
clinc150,50,13,0.2,ce_recon,frozen_selected_k,1,75,1500,20,0.013333333333333334,0.0,607.1260755256043,0.8758601706578585,0.6293333333333333,0.940318358974359,0.9454263129587367,0.248,0.5129589632829373,0.8186167899086559,0.6642512077294686,complete
clinc150,50,13,0.4,frozen,k1,1,75,3000,40,0.013333333333333334,0.0,3570.9646938632877,0.8600730542287159,0.6413333333333333,0.8929237606837607,0.9042620795557896,0.38355555555555554,0.4269005847953216,0.8174761587935241,0.6788698766414644,complete
clinc150,50,13,0.4,frozen,k2,2,150,3000,3,0.001,0.0,3276.20362242506,0.8392785571142285,0.5137777777777778,0.8567844102564105,0.8608398730939706,0.428,0.42166344294003866,0.7708636836628512,0.6092857142857143,complete
clinc150,50,13,0.4,frozen,frozen_selected_k,1,75,3000,40,0.013333333333333334,0.0,3570.9646938632877,0.8600730542287159,0.6413333333333333,0.8929237606837607,0.9042620795557896,0.38355555555555554,0.4269005847953216,0.8174761587935241,0.6788698766414644,complete
clinc150,50,13,0.4,ce_recon,k1,1,75,3000,40,0.013333333333333334,0.0,604.3340936415613,0.8880179171332587,0.6791111111111111,0.9441288205128204,0.9505411561486186,0.24533333333333332,0.5418098510882016,0.8371673432566531,0.7001661129568106,complete
clinc150,50,13,0.4,ce_recon,k2,2,150,3000,1,0.0003333333333333333,0.08,500.1170615356257,0.8704409363091998,0.6,0.9478558632478632,0.9531635266255408,0.2368888888888889,0.5117948717948718,0.8048568950563747,0.6519721577726219,complete
clinc150,50,13,0.4,ce_recon,frozen_selected_k,1,75,3000,40,0.013333333333333334,0.0,604.3340936415613,0.8880179171332587,0.6791111111111111,0.9441288205128204,0.9505411561486186,0.24533333333333332,0.5418098510882016,0.8371673432566531,0.7001661129568106,complete
clinc150,50,13,0.6,frozen,k1,1,75,4500,60,0.013333333333333334,0.0,3479.483433334162,0.8646703138496976,0.692,0.8903413333333333,0.8958725582825926,0.37866666666666665,0.42246330567964263,0.8319482917820868,0.7151664611590629,complete
clinc150,50,13,0.6,frozen,k2,2,150,4500,4,0.0008888888888888889,0.0,3153.2529469969186,0.8591160220994475,0.6088888888888889,0.8767677264957265,0.8797587090277765,0.37822222222222224,0.45995670995670995,0.8009708737864077,0.6641221374045801,complete
clinc150,50,13,0.6,frozen,frozen_selected_k,1,75,4500,60,0.013333333333333334,0.0,3479.483433334162,0.8646703138496976,0.692,0.8903413333333333,0.8958725582825926,0.37866666666666665,0.42246330567964263,0.8319482917820868,0.7151664611590629,complete
clinc150,50,13,0.6,ce_recon,k1,1,75,4500,60,0.013333333333333334,0.0,569.5964419332233,0.8893269501548859,0.6915555555555556,0.9467868717948718,0.9577531735295515,0.2511111111111111,0.5387323943661971,0.8432700993676604,0.7056827820186599,complete
clinc150,50,13,0.6,ce_recon,k2,2,150,4500,1,0.00022222222222222223,0.04666666666666667,474.99994282169587,0.8827203331020125,0.6555555555555556,0.9430043076923077,0.9477168589132572,0.2368888888888889,0.5323741007194245,0.828121534708361,0.6822468224682247,complete
clinc150,50,13,0.6,ce_recon,frozen_selected_k,1,75,4500,60,0.013333333333333334,0.0,569.5964419332233,0.8893269501548859,0.6915555555555556,0.9467868717948718,0.9577531735295515,0.2511111111111111,0.5387323943661971,0.8432700993676604,0.7056827820186599,complete
clinc150,50,13,1.0,frozen,k1,1,75,7500,100,0.013333333333333334,0.0,3375.3490573738395,0.8695907290597037,0.732,0.8995440683760684,0.9051685429093342,0.368,0.40810621942697417,0.848698099929627,0.7410905968226706,complete
clinc150,50,13,1.0,frozen,k2,2,150,7500,10,0.0013333333333333333,0.0,3010.982143593649,0.8714347140604844,0.6946666666666667,0.8976827350427349,0.9075070665654146,0.35688888888888887,0.45678233438485805,0.833907649896623,0.7152921674264401,complete
clinc150,50,13,1.0,frozen,frozen_selected_k,1,75,7500,100,0.013333333333333334,0.0,3375.3490573738395,0.8695907290597037,0.732,0.8995440683760684,0.9051685429093342,0.368,0.40810621942697417,0.848698099929627,0.7410905968226706,complete
clinc150,50,13,1.0,ce_recon,k1,1,75,7500,100,0.013333333333333334,0.0,559.5354266179451,0.8958748221906117,0.7195555555555555,0.9491175384615385,0.9589380951579406,0.23377777777777778,0.5514705882352942,0.8551755795271976,0.7260095527572731,complete
clinc150,50,13,1.0,ce_recon,k2,2,150,7500,1,0.00013333333333333334,0.013333333333333334,506.8834328451233,0.8931545518701483,0.7017777777777777,0.9463511794871795,0.952824578959691,0.21688888888888888,0.5538461538461539,0.8466090122894857,0.7136150234741784,complete
clinc150,50,13,1.0,ce_recon,frozen_selected_k,1,75,7500,100,0.013333333333333334,0.0,559.5354266179451,0.8958748221906117,0.7195555555555555,0.9491175384615385,0.9589380951579406,0.23377777777777778,0.5514705882352942,0.8551755795271976,0.7260095527572731,complete
clinc150,50,42,0.1,ce_recon,k1,1,75,750,10,0.013333333333333334,0.0,728.1043965148265,0.8518812930577636,0.5186666666666667,0.9215879658119658,0.9218821802266258,0.25866666666666666,0.4847926267281106,0.7835298820707576,0.5737898465171193,complete
clinc150,50,42,0.1,ce_recon,k2,2,150,750,1,0.0013333333333333333,0.16666666666666666,436.6899002449537,0.7947587558168013,0.25733333333333336,0.9288877948717948,0.9350618160618337,0.2431111111111111,0.3988522238163558,0.7011268109461635,0.46596356663470756,complete
clinc150,50,42,0.1,ce_recon,frozen_selected_k,1,75,750,10,0.013333333333333334,0.0,728.1043965148265,0.8518812930577636,0.5186666666666667,0.9215879658119658,0.9218821802266258,0.25866666666666666,0.4847926267281106,0.7835298820707576,0.5737898465171193,complete
clinc150,50,42,0.2,frozen,k1,1,75,1500,20,0.013333333333333334,0.0,3730.880617812451,0.8442731862875366,0.5115555555555555,0.8934640683760684,0.8957126387670854,0.3413333333333333,0.4209486166007905,0.7713750780112336,0.6201175250604909,complete
clinc150,50,42,0.2,frozen,k2,2,150,1500,1,0.0006666666666666666,0.006666666666666667,3780.996604983134,0.8005945008669805,0.29244444444444445,0.8320875213675214,0.8341844957784881,0.42933333333333334,0.3740279937791602,0.699622641509434,0.5298287064382753,complete
clinc150,50,42,0.2,frozen,frozen_selected_k,1,75,1500,20,0.013333333333333334,0.0,3730.880617812451,0.8442731862875366,0.5115555555555555,0.8934640683760684,0.8957126387670854,0.3413333333333333,0.4209486166007905,0.7713750780112336,0.6201175250604909,complete
clinc150,50,42,0.2,ce_recon,k1,1,75,1500,20,0.013333333333333334,0.0,667.2528181713561,0.8837984173261141,0.6577777777777778,0.9413706666666666,0.9477470907774654,0.228,0.5393505778756191,0.8362398979157806,0.6537769784172662,complete
clinc150,50,42,0.2,ce_recon,k2,2,150,1500,1,0.0006666666666666666,0.1,487.8999403649615,0.8440438871473355,0.4777777777777778,0.9394153846153848,0.9412573409740992,0.2111111111111111,0.47400881057268723,0.7699236342275309,0.5530620007607455,complete
clinc150,50,42,0.2,ce_recon,frozen_selected_k,1,75,1500,20,0.013333333333333334,0.0,667.2528181713561,0.8837984173261141,0.6577777777777778,0.9413706666666666,0.9477470907774654,0.228,0.5393505778756191,0.8362398979157806,0.6537769784172662,complete
clinc150,50,42,0.4,frozen,k1,1,75,3000,40,0.013333333333333334,0.0,3608.0871132235766,0.8668539325842697,0.6515555555555556,0.890452923076923,0.8883944686330452,0.35244444444444445,0.45872641509433965,0.8194321206743567,0.6843800322061192,complete
clinc150,50,42,0.4,frozen,k2,2,150,3000,2,0.0006666666666666666,0.0,3463.1954625621074,0.8454593733404142,0.512,0.8828031452991453,0.8793087805127874,0.3342222222222222,0.44433781190019195,0.7721832439125051,0.6075768406004288,complete
clinc150,50,42,0.4,frozen,frozen_selected_k,1,75,3000,40,0.013333333333333334,0.0,3608.0871132235766,0.8668539325842697,0.6515555555555556,0.890452923076923,0.8883944686330452,0.35244444444444445,0.45872641509433965,0.8194321206743567,0.6843800322061192,complete
clinc150,50,42,0.4,ce_recon,k1,1,75,3000,40,0.013333333333333334,0.0,604.5150451247132,0.8937801760863391,0.7133333333333334,0.9412816410256409,0.947789346973322,0.22311111111111112,0.5466666666666666,0.8598130841121495,0.6900528592023066,complete
clinc150,50,42,0.4,ce_recon,k2,2,150,3000,1,0.0003333333333333333,0.04666666666666667,508.5669957101966,0.8722382324687801,0.6182222222222222,0.9405608205128204,0.9462341282686364,0.21422222222222223,0.5087071240105541,0.8215991692627207,0.6257080610021787,complete
clinc150,50,42,0.4,ce_recon,frozen_selected_k,1,75,3000,40,0.013333333333333334,0.0,604.5150451247132,0.8937801760863391,0.7133333333333334,0.9412816410256409,0.947789346973322,0.22311111111111112,0.5466666666666666,0.8598130841121495,0.6900528592023066,complete
clinc150,50,42,0.6,frozen,k1,1,75,4500,60,0.013333333333333334,0.0,3567.499823072567,0.8771729837560559,0.6933333333333334,0.9052663247863248,0.9075801585922367,0.31244444444444447,0.473253618628068,0.8363469901579309,0.7172131147540983,complete
clinc150,50,42,0.6,frozen,k2,2,150,4500,5,0.0011111111111111111,0.0,3216.7797182139875,0.8630099228224918,0.6111111111111112,0.8988493675213676,0.9070520108885008,0.32844444444444443,0.45695364238410596,0.8063033486539725,0.6666666666666666,complete
clinc150,50,42,0.6,frozen,frozen_selected_k,1,75,4500,60,0.013333333333333334,0.0,3567.499823072567,0.8771729837560559,0.6933333333333334,0.9052663247863248,0.9075801585922367,0.31244444444444447,0.473253618628068,0.8363469901579309,0.7172131147540983,complete
clinc150,50,42,0.6,ce_recon,k1,1,75,4500,60,0.013333333333333334,0.0,593.5559484882715,0.8953736654804271,0.72,0.943534905982906,0.9515925282385338,0.22666666666666666,0.5504587155963303,0.862144420131291,0.6971153846153846,complete
clinc150,50,42,0.6,ce_recon,k2,2,150,4500,1,0.00022222222222222223,0.05333333333333334,498.7430475756811,0.8836045056320401,0.6604444444444444,0.943692717948718,0.9514248324324156,0.2222222222222222,0.535258189894503,0.8375850340136054,0.6549232158988256,complete
clinc150,50,42,0.6,ce_recon,frozen_selected_k,1,75,4500,60,0.013333333333333334,0.0,593.5559484882715,0.8953736654804271,0.72,0.943534905982906,0.9515925282385338,0.22666666666666666,0.5504587155963303,0.862144420131291,0.6971153846153846,complete
clinc150,50,42,1.0,frozen,k1,1,75,7500,100,0.013333333333333334,0.0,3386.46063127813,0.8816362053959965,0.7311111111111112,0.9029470085470086,0.9027013186660016,0.312,0.4736481861738535,0.8489341983317887,0.7400085947571982,complete
clinc150,50,42,1.0,frozen,k2,2,150,7500,13,0.0017333333333333333,0.0,3003.5555303960655,0.8783745382210856,0.6902222222222222,0.8995213675213675,0.9030929535819954,0.30266666666666664,0.48271527341294784,0.8349163274536409,0.711864406779661,complete
clinc150,50,42,1.0,frozen,frozen_selected_k,1,75,7500,100,0.013333333333333334,0.0,3386.46063127813,0.8816362053959965,0.7311111111111112,0.9029470085470086,0.9027013186660016,0.312,0.4736481861738535,0.8489341983317887,0.7400085947571982,complete
